dataset,model,accuracy,precision,recall,f1,roc_auc,pr_auc,fpr,false_negatives,false_positives,true_positives,true_negatives,total,actual_fraud,actual_legit
D3_HeldOut,Model_A_Baseline,0.983,0.9463,0.94,0.9431,0.9965,0.9848,0.0094,18,16,282,1684,2000,300,1700
D3_HeldOut,Group_B_ProvCount,0.9825,0.9461,0.9367,0.9414,0.9964,0.9851,0.0094,19,16,281,1684,2000,300,1700
D3_HeldOut,Model_B_ProvenanceAugmented,0.988,0.9662,0.9533,0.9597,0.9963,0.9898,0.0059,14,10,286,1690,2000,300,1700
D4_Poisoned,Model_A_Baseline,0.973,0.9896,0.956,0.9725,0.9947,0.9959,0.01,22,5,478,495,1000,500,500
D4_Poisoned,Group_B_ProvCount,0.978,0.9918,0.964,0.9777,0.9946,0.9959,0.008,18,4,482,496,1000,500,500
D4_Poisoned,Model_B_ProvenanceAugmented,0.977,0.9877,0.966,0.9767,0.9952,0.9965,0.012,17,6,483,494,1000,500,500
D5_Shifted,Model_A_Baseline,0.988,0.9423,0.98,0.9608,0.9993,0.9962,0.0106,3,9,147,841,1000,150,850
D5_Shifted,Group_B_ProvCount,0.991,0.949,0.9933,0.9707,0.9993,0.9958,0.0094,1,8,149,842,1000,150,850
D5_Shifted,Model_B_ProvenanceAugmented,0.986,0.9533,0.9533,0.9533,0.9981,0.99,0.0082,7,7,143,843,1000,150,850
