transaction_id,transaction_amount,fraud_label,provenance_category,prob_model_a,pred_model_a,prob_model_b,pred_model_b
TX-E2B-0001,109.08,0,suspicious,0.0001660494,0,0.00011963816,0
TX-E2B-0002,85.88,0,poisoned,0.0008741619,0,0.0017210377,0
TX-E2B-0003,55.3,0,benign,0.00023299675,0,0.00024736894,0
TX-E2B-0004,64.8,0,benign,0.0005435588,0,0.0005118384,0
TX-E2B-0005,45.22,0,benign,0.00042436607,0,0.000623752,0
TX-E2B-0006,30.54,0,benign,0.0013282703,0,0.0012019416,0
TX-E2B-0007,49.67,0,poisoned,0.00010489647,0,0.00012109869,0
TX-E2B-0008,70.41,0,suspicious,0.00038133463,0,0.00037343072,0
TX-E2B-0009,130.37,0,suspicious,0.0054135765,0,0.005200408,0
TX-E2B-0010,52.12,0,poisoned,0.0002069155,0,0.00020509723,0
TX-E2B-0011,580.85,0,suspicious,0.3007219,0,0.22543214,0
TX-E2B-0012,140.6,0,benign,0.00024088137,0,0.00048895605,0
TX-E2B-0013,192.6,0,poisoned,0.0007077182,0,0.0006038601,0
TX-E2B-0014,36.67,0,benign,0.00042556436,0,0.0003731656,0
TX-E2B-0015,40.82,0,benign,0.00079817226,0,0.0013441036,0
TX-E2B-0016,398.31,1,suspicious,0.99920315,1,0.998992,1
TX-E2B-0017,30.97,0,suspicious,0.07759368,0,0.11752398,0
TX-E2B-0018,83.27,0,benign,0.00023579203,0,0.00034609897,0
TX-E2B-0019,58.13,0,benign,0.00031285404,0,0.00041373633,0
TX-E2B-0020,192.2,0,benign,0.0015056904,0,0.0009942444,0
TX-E2B-0021,58.25,0,suspicious,0.09326104,0,0.0921561,0
TX-E2B-0022,106.67,0,benign,0.0003080284,0,0.00027793448,0
TX-E2B-0023,178.51,0,benign,0.03564896,0,0.04973402,0
TX-E2B-0024,75.1,0,poisoned,0.00015061378,0,0.0001907235,0
TX-E2B-0025,125.57,0,benign,7.900669e-05,0,0.00010113245,0
TX-E2B-0026,37.44,1,suspicious,0.997147,1,0.9984341,1
TX-E2B-0027,376.34,0,benign,0.00024972254,0,0.00030944802,0
TX-E2B-0028,48.57,0,suspicious,0.00066166214,0,0.00077138696,0
TX-E2B-0029,487.8,0,poisoned,0.00057125115,0,0.0007205077,0
TX-E2B-0030,118.54,0,benign,0.00033612023,0,0.00027582134,0
TX-E2B-0031,56.69,0,suspicious,0.00011969727,0,0.00013740743,0
TX-E2B-0032,66.17,0,benign,0.0004429743,0,0.0004002727,0
TX-E2B-0033,41.91,0,benign,0.0006977524,0,0.00043364245,0
TX-E2B-0034,42.51,0,benign,0.00034079855,0,0.00037890783,0
TX-E2B-0035,67.03,0,poisoned,0.08358614,0,0.051581223,0
TX-E2B-0036,34.64,0,suspicious,0.00025846978,0,0.00022867798,0
TX-E2B-0037,110.52,0,poisoned,0.017826792,0,0.02378949,0
TX-E2B-0038,50.49,1,poisoned,0.9956232,1,0.99208164,1
TX-E2B-0039,68.43,0,suspicious,9.913534e-05,0,0.000102029604,0
TX-E2B-0040,46.65,1,benign,0.95282894,1,0.96708083,1
TX-E2B-0041,181.43,0,benign,0.026844021,0,0.07063811,0
TX-E2B-0042,60.8,0,poisoned,0.0004987419,0,0.0007693685,0
TX-E2B-0043,458.75,1,poisoned,0.9955199,1,0.9967409,1
TX-E2B-0044,51.27,0,poisoned,0.0011159276,0,0.002094534,0
TX-E2B-0045,45.96,0,benign,0.00331856,0,0.0032407625,0
TX-E2B-0046,861.07,1,poisoned,0.9985978,1,0.9981254,1
TX-E2B-0047,72.84,0,poisoned,7.892409e-05,0,7.794823e-05,0
TX-E2B-0048,155.97,0,benign,0.00021099587,0,0.00030760755,0
TX-E2B-0049,48.1,0,poisoned,0.00032481746,0,0.00030661703,0
TX-E2B-0050,213.24,0,benign,0.00011677962,0,0.00016416339,0
TX-E2B-0051,73.19,1,benign,0.27659622,0,0.29367554,0
TX-E2B-0052,50.32,0,poisoned,0.0013723903,0,0.001256961,0
TX-E2B-0053,49.95,0,benign,0.009351242,0,0.0120994225,0
TX-E2B-0054,34.76,0,poisoned,0.0015903664,0,0.00061392225,0
TX-E2B-0055,34.96,0,suspicious,0.00014094678,0,0.00013128668,0
TX-E2B-0056,86.67,1,benign,0.99721706,1,0.99323213,1
TX-E2B-0057,32.94,1,suspicious,0.9995235,1,0.9995982,1
TX-E2B-0058,17.3,0,benign,0.00039406665,0,0.00041006246,0
TX-E2B-0059,197.04,0,suspicious,0.00018893216,0,0.00026860062,0
TX-E2B-0060,72.32,0,suspicious,0.0004829938,0,0.0004093058,0
TX-E2B-0061,675.15,1,benign,0.9995622,1,0.99955577,1
TX-E2B-0062,68.31,0,poisoned,0.00031171495,0,0.00018767749,0
TX-E2B-0063,236.04,0,benign,0.00010828194,0,0.00016194062,0
TX-E2B-0064,55.86,0,suspicious,0.00011373357,0,8.7873595e-05,0
TX-E2B-0065,44.89,0,poisoned,0.0012906571,0,0.0012095845,0
TX-E2B-0066,47.55,1,suspicious,0.3364428,0,0.16704841,0
TX-E2B-0067,95.11,0,suspicious,0.0016269122,0,0.0018481956,0
TX-E2B-0068,47.47,0,benign,0.00014216347,0,0.00017621036,0
TX-E2B-0069,105.11,0,suspicious,0.0006650447,0,0.00060035614,0
TX-E2B-0070,61.07,0,suspicious,0.00023658856,0,0.0001723001,0
TX-E2B-0071,59.61,0,suspicious,0.00078434416,0,0.000617381,0
TX-E2B-0072,34.34,0,benign,0.00049033365,0,0.00037717415,0
TX-E2B-0073,44.38,0,suspicious,0.0035148722,0,0.0022627532,0
TX-E2B-0074,310.29,0,benign,0.027061066,0,0.014635007,0
TX-E2B-0075,46.71,0,poisoned,0.0005340852,0,0.0003483262,0
TX-E2B-0076,51.34,0,poisoned,0.00013016978,0,8.989904e-05,0
TX-E2B-0077,350.23,0,benign,0.0024618837,0,0.001613052,0
TX-E2B-0078,95.98,0,suspicious,0.008342924,0,0.01250771,0
TX-E2B-0079,148.54,0,poisoned,0.00593851,0,0.0094411895,0
TX-E2B-0080,56.62,0,benign,0.033290673,0,0.021083152,0
TX-E2B-0081,66.97,0,poisoned,0.0007101396,0,0.00064942025,0
TX-E2B-0082,1490.51,0,poisoned,0.017263314,0,0.014800675,0
TX-E2B-0083,39.72,0,benign,0.12250544,0,0.19492531,0
TX-E2B-0084,73.45,0,benign,0.00027181595,0,0.00027711847,0
TX-E2B-0085,39.99,0,benign,0.020229058,0,0.06861068,0
TX-E2B-0086,58.55,0,benign,0.0011813191,0,0.0012552405,0
TX-E2B-0087,20.11,0,benign,9.240738e-05,0,9.331458e-05,0
TX-E2B-0088,249.89,0,benign,0.00015670135,0,0.00011505322,0
TX-E2B-0089,46.99,0,benign,0.00029393108,0,0.00026787815,0
TX-E2B-0090,23.59,0,suspicious,0.00026459433,0,0.00034589547,0
TX-E2B-0091,43.08,0,benign,8.3597544e-05,0,0.000120141514,0
TX-E2B-0092,41.51,0,benign,9.403392e-05,0,9.7625714e-05,0
TX-E2B-0093,60.36,0,benign,0.0001455687,0,8.859061e-05,0
TX-E2B-0094,51.43,0,benign,0.00018825619,0,0.00018335311,0
TX-E2B-0095,44.38,0,benign,0.00027732807,0,0.00023076488,0
TX-E2B-0096,3.5,1,benign,0.9983564,1,0.99860626,1
TX-E2B-0097,47.05,0,benign,0.00038875596,0,0.00062253216,0
TX-E2B-0098,114.26,0,poisoned,6.5179345e-05,0,9.8774966e-05,0
TX-E2B-0099,29.69,0,benign,0.00013625677,0,0.00026340803,0
TX-E2B-0100,107.19,0,suspicious,0.00061566225,0,0.00084299245,0
TX-E2B-0101,12.59,0,benign,0.0005930863,0,0.0008127809,0
TX-E2B-0102,136.67,0,benign,0.00013791701,0,0.000103012884,0
TX-E2B-0103,71.92,1,benign,0.99509096,1,0.9979096,1
TX-E2B-0104,117.14,0,suspicious,6.521478e-05,0,6.711823e-05,0
TX-E2B-0105,91.6,0,benign,8.682243e-05,0,9.4438576e-05,0
TX-E2B-0106,113.36,0,poisoned,0.08977188,0,0.2098954,0
TX-E2B-0107,157.09,0,suspicious,0.0070063393,0,0.0036505975,0
TX-E2B-0108,51.53,0,suspicious,0.0014215033,0,0.0012918536,0
TX-E2B-0109,30.86,0,benign,9.8327546e-05,0,8.439e-05,0
TX-E2B-0110,185.28,0,benign,0.0006311517,0,0.0009025713,0
TX-E2B-0111,61.32,0,suspicious,7.699978e-05,0,6.4458436e-05,0
TX-E2B-0112,49.33,0,benign,0.000115439725,0,0.00012386743,0
TX-E2B-0113,42.64,0,suspicious,0.00012087372,0,0.00010373633,0
TX-E2B-0114,118.95,0,poisoned,6.928253e-05,0,7.451849e-05,0
TX-E2B-0115,73.08,0,benign,0.0001725398,0,0.00030529566,0
TX-E2B-0116,44.31,0,poisoned,0.0003676416,0,0.0002893702,0
TX-E2B-0117,145.92,0,poisoned,0.00079748954,0,0.0008839273,0
TX-E2B-0118,51.34,1,benign,0.9935894,1,0.9939511,1
TX-E2B-0119,108.61,0,poisoned,0.0012215943,0,0.002631346,0
TX-E2B-0120,135.16,0,suspicious,0.0010507932,0,0.0009282265,0
TX-E2B-0121,265.32,1,suspicious,0.99973315,1,0.9997055,1
TX-E2B-0122,37.93,0,benign,0.00014788724,0,9.8389355e-05,0
TX-E2B-0123,16.64,0,suspicious,0.017435728,0,0.049728498,0
TX-E2B-0124,34.63,0,benign,0.0006287661,0,0.00044292194,0
TX-E2B-0125,23.52,0,benign,9.2052505e-05,0,0.00010286192,0
TX-E2B-0126,221.15,0,poisoned,0.0001328794,0,0.00015771514,0
TX-E2B-0127,76.15,0,suspicious,0.000109437395,0,0.00010332337,0
TX-E2B-0128,68.82,0,poisoned,6.8931666e-05,0,0.0001115822,0
TX-E2B-0129,158.81,0,benign,0.003060302,0,0.0017628974,0
TX-E2B-0130,49.7,0,benign,0.02181397,0,0.027532352,0
TX-E2B-0131,42.08,0,benign,0.0018654356,0,0.00344355,0
TX-E2B-0132,46.87,0,benign,0.00027185353,0,0.00044931629,0
TX-E2B-0133,38.62,0,suspicious,0.0008267211,0,0.0007122339,0
TX-E2B-0134,90.67,0,benign,0.0018418465,0,0.0023475282,0
TX-E2B-0135,37.58,0,benign,0.014728897,0,0.007655272,0
TX-E2B-0136,80.48,0,benign,0.0003353153,0,0.00030852362,0
TX-E2B-0137,16.13,0,benign,0.67877287,1,0.75773275,1
TX-E2B-0138,220.81,1,benign,0.9923036,1,0.98861396,1
TX-E2B-0139,198.61,0,benign,0.0019106806,0,0.0032257624,0
TX-E2B-0140,24.57,0,poisoned,0.00027526967,0,0.0002354003,0
TX-E2B-0141,40.68,0,benign,8.350384e-05,0,9.811653e-05,0
TX-E2B-0142,146.45,0,poisoned,6.1756335e-05,0,6.7966226e-05,0
TX-E2B-0143,345.44,1,poisoned,0.9571866,1,0.97341406,1
TX-E2B-0144,59.16,1,suspicious,0.98104745,1,0.98365307,1
TX-E2B-0145,36.81,0,benign,0.00045365834,0,0.00041267497,0
TX-E2B-0146,46.32,0,poisoned,0.0013072243,0,0.0009057895,0
TX-E2B-0147,61.0,0,benign,0.00038308138,0,0.00045860655,0
TX-E2B-0148,53.54,0,suspicious,0.00033253705,0,0.00016623332,0
TX-E2B-0149,38.66,0,poisoned,0.003917785,0,0.0058254944,0
TX-E2B-0150,128.11,1,suspicious,0.6975474,1,0.8238671,1
TX-E2B-0151,59.58,0,benign,0.00048490296,0,0.0005975187,0
TX-E2B-0152,19.76,1,suspicious,0.9993563,1,0.99916613,1
TX-E2B-0153,92.1,0,benign,0.0013744425,0,0.0022394187,0
TX-E2B-0154,205.45,0,poisoned,0.00023286926,0,0.00035537017,0
TX-E2B-0155,40.0,0,benign,0.0014063804,0,0.0015169298,0
TX-E2B-0156,102.47,0,benign,0.00022013632,0,0.00029381708,0
TX-E2B-0157,147.39,0,suspicious,0.020400044,0,0.02916612,0
TX-E2B-0158,21.5,0,suspicious,0.0049603055,0,0.0023621798,0
TX-E2B-0159,66.67,0,benign,0.0004941421,0,0.00050564425,0
TX-E2B-0160,65.46,0,poisoned,0.13520591,0,0.058495678,0
TX-E2B-0161,29.09,0,benign,0.00060037844,0,0.00048587643,0
TX-E2B-0162,51.25,0,benign,0.00050130184,0,0.00073981576,0
TX-E2B-0163,818.78,0,poisoned,0.011313551,0,0.014469331,0
TX-E2B-0164,97.24,0,suspicious,0.00016563351,0,0.00015841235,0
TX-E2B-0165,365.86,1,poisoned,0.9996767,1,0.99963117,1
TX-E2B-0166,34.91,0,poisoned,0.0007242616,0,0.00075339916,0
TX-E2B-0167,58.33,0,suspicious,0.00024240866,0,0.00017978904,0
TX-E2B-0168,42.93,0,suspicious,0.00036782565,0,0.00023003666,0
TX-E2B-0169,27.88,0,benign,0.00056964287,0,0.0013040482,0
TX-E2B-0170,574.78,1,poisoned,0.9975063,1,0.99592316,1
TX-E2B-0171,107.51,0,suspicious,0.0034048383,0,0.0032559745,0
TX-E2B-0172,205.6,0,poisoned,0.0002659203,0,0.00022966454,0
TX-E2B-0173,63.59,0,poisoned,0.0003211731,0,0.0003161875,0
TX-E2B-0174,206.54,1,poisoned,0.87130886,1,0.90156364,1
TX-E2B-0175,47.65,0,benign,0.00016206759,0,0.0001798873,0
TX-E2B-0176,50.98,0,benign,0.00012382137,0,9.597228e-05,0
TX-E2B-0177,41.84,0,poisoned,0.000106196814,0,0.0001228586,0
TX-E2B-0178,30.19,0,suspicious,0.008484486,0,0.0048237205,0
TX-E2B-0179,94.09,1,suspicious,0.9720771,1,0.9548967,1
TX-E2B-0180,105.17,0,benign,0.0018135417,0,0.001537497,0
TX-E2B-0181,73.01,0,poisoned,0.0004889001,0,0.00041155316,0
TX-E2B-0182,51.24,1,poisoned,0.99896157,1,0.99801314,1
TX-E2B-0183,51.37,0,benign,0.009812865,0,0.007334646,0
TX-E2B-0184,26.05,1,suspicious,0.9995622,1,0.99953234,1
TX-E2B-0185,192.89,0,poisoned,0.00012541056,0,0.00013494618,0
TX-E2B-0186,42.69,0,benign,9.8537894e-05,0,8.3392355e-05,0
TX-E2B-0187,173.17,0,suspicious,0.00017449808,0,0.00012867234,0
TX-E2B-0188,148.86,0,benign,0.030569296,0,0.067415036,0
TX-E2B-0189,29.64,0,benign,0.0011863343,0,0.0009565081,0
TX-E2B-0190,107.7,1,benign,0.82549244,1,0.8245376,1
TX-E2B-0191,64.96,0,suspicious,0.00066695304,0,0.0005428057,0
TX-E2B-0192,74.13,0,suspicious,0.00035345022,0,0.00018757443,0
TX-E2B-0193,40.61,0,poisoned,0.00012182117,0,0.00014684838,0
TX-E2B-0194,67.77,0,benign,0.00051540224,0,0.00047212618,0
TX-E2B-0195,482.0,1,suspicious,0.99934584,1,0.99904996,1
TX-E2B-0196,98.45,0,poisoned,0.0003060452,0,0.00033558696,0
TX-E2B-0197,345.62,1,benign,0.99796677,1,0.9957482,1
TX-E2B-0198,98.13,0,poisoned,0.00013241798,0,0.00018665098,0
TX-E2B-0199,30.05,0,benign,0.00020774796,0,0.00016914895,0
TX-E2B-0200,66.19,0,benign,0.0003829209,0,0.00075896614,0
TX-E2B-0201,70.75,0,suspicious,0.0010772552,0,0.0012517328,0
TX-E2B-0202,57.73,1,benign,0.11110619,0,0.22928871,0
TX-E2B-0203,44.21,0,benign,0.00036367605,0,0.00035422962,0
TX-E2B-0204,294.4,1,benign,0.9979061,1,0.99757797,1
TX-E2B-0205,33.27,1,benign,0.99841785,1,0.99863166,1
TX-E2B-0206,3.5,1,benign,0.99927074,1,0.99834144,1
TX-E2B-0207,74.03,0,suspicious,0.0023469008,0,0.0037029968,0
TX-E2B-0208,55.93,0,benign,0.00017709687,0,0.000108491644,0
TX-E2B-0209,14.0,1,benign,0.9925809,1,0.9935889,1
TX-E2B-0210,60.58,0,benign,0.00052353484,0,0.00049438333,0
TX-E2B-0211,163.94,0,benign,0.00022878114,0,0.00018157194,0
TX-E2B-0212,100.77,0,benign,0.35433456,0,0.33138195,0
TX-E2B-0213,548.74,1,benign,0.9953219,1,0.99495995,1
TX-E2B-0214,96.58,1,benign,0.9844499,1,0.9865761,1
TX-E2B-0215,55.14,1,benign,0.99551636,1,0.9944834,1
TX-E2B-0216,199.11,0,poisoned,0.03239019,0,0.03483597,0
TX-E2B-0217,119.47,0,benign,0.000924834,0,0.0005616313,0
TX-E2B-0218,356.32,0,benign,0.08244097,0,0.060329113,0
TX-E2B-0219,80.52,0,suspicious,6.5935594e-05,0,6.105134e-05,0
TX-E2B-0220,259.06,1,benign,0.9978998,1,0.9982809,1
TX-E2B-0221,67.03,0,benign,0.000103505605,0,8.7546396e-05,0
TX-E2B-0222,45.03,0,benign,0.0016567687,0,0.002640996,0
TX-E2B-0223,71.52,0,suspicious,0.00043657966,0,0.00032877197,0
TX-E2B-0224,53.3,0,benign,7.5500284e-05,0,9.2179085e-05,0
TX-E2B-0225,981.34,1,suspicious,0.99940634,1,0.9996785,1
TX-E2B-0226,114.19,0,suspicious,0.0002232854,0,0.00026024325,0
TX-E2B-0227,38.77,0,suspicious,0.00034444232,0,0.0001977644,0
TX-E2B-0228,95.18,0,benign,0.006232995,0,0.012496089,0
TX-E2B-0229,31.61,0,benign,8.4908956e-05,0,9.284611e-05,0
TX-E2B-0230,84.6,0,benign,0.0003070681,0,0.00032582172,0
TX-E2B-0231,19.31,1,benign,0.99843377,1,0.9987251,1
TX-E2B-0232,48.36,0,benign,0.00014375275,0,0.00014579111,0
TX-E2B-0233,185.24,0,benign,0.060693186,0,0.052578058,0
TX-E2B-0234,131.72,0,benign,0.0002138382,0,0.00021234,0
TX-E2B-0235,53.14,0,suspicious,0.0016646952,0,0.0012420753,0
TX-E2B-0236,101.49,0,benign,0.00022818618,0,0.00020628828,0
TX-E2B-0237,75.97,0,poisoned,0.0011457436,0,0.00051368884,0
TX-E2B-0238,53.98,0,suspicious,0.00016756788,0,0.00018229967,0
TX-E2B-0239,57.89,0,suspicious,0.00022488761,0,0.00018720797,0
TX-E2B-0240,69.57,0,poisoned,7.656945e-05,0,7.655368e-05,0
TX-E2B-0241,155.89,0,suspicious,0.00022965316,0,0.000321799,0
TX-E2B-0242,134.75,0,suspicious,0.0012093823,0,0.00084762956,0
TX-E2B-0243,26.96,0,poisoned,0.0008370676,0,0.00075188297,0
TX-E2B-0244,57.04,0,poisoned,0.00029562405,0,0.00045213566,0
TX-E2B-0245,51.81,0,benign,0.00012437293,0,0.00015287501,0
TX-E2B-0246,176.78,0,poisoned,0.0058443365,0,0.009157582,0
TX-E2B-0247,342.47,0,poisoned,0.0060865735,0,0.013422608,0
TX-E2B-0248,54.29,0,benign,0.0007327016,0,0.0006586017,0
TX-E2B-0249,163.38,0,poisoned,0.007372841,0,0.006173434,0
TX-E2B-0250,36.02,0,poisoned,0.00010546616,0,6.8805115e-05,0
TX-E2B-0251,66.44,0,suspicious,8.8610715e-05,0,7.5904325e-05,0
TX-E2B-0252,77.83,0,suspicious,0.014429273,0,0.015083725,0
TX-E2B-0253,153.43,0,benign,0.06263095,0,0.06633767,0
TX-E2B-0254,84.96,0,benign,8.771888e-05,0,0.000106650645,0
TX-E2B-0255,38.0,0,benign,0.00012418425,0,0.000102588725,0
TX-E2B-0256,55.28,0,suspicious,0.00021653972,0,0.00019377146,0
TX-E2B-0257,42.34,1,benign,0.9981433,1,0.99824476,1
TX-E2B-0258,41.71,0,poisoned,0.00083603966,0,0.00062253926,0
TX-E2B-0259,158.23,0,benign,0.004635338,0,0.010507008,0
TX-E2B-0260,101.17,0,benign,0.018188087,0,0.017421633,0
TX-E2B-0261,241.67,1,benign,0.996597,1,0.9981128,1
TX-E2B-0262,48.17,1,suspicious,0.800032,1,0.84203076,1
TX-E2B-0263,38.24,0,suspicious,0.00044107123,0,0.00018867418,0
TX-E2B-0264,13.45,0,poisoned,0.004658861,0,0.0027269893,0
TX-E2B-0265,101.09,0,poisoned,0.0017122828,0,0.0015950736,0
TX-E2B-0266,27.59,0,benign,0.0006462664,0,0.0005975281,0
TX-E2B-0267,115.74,0,benign,0.00011817078,0,0.00016825683,0
TX-E2B-0268,36.0,0,benign,0.0041216463,0,0.0039214543,0
TX-E2B-0269,49.32,1,benign,0.9948441,1,0.9961933,1
TX-E2B-0270,85.66,0,poisoned,0.00023589548,0,0.00019697401,0
TX-E2B-0271,144.45,0,benign,0.0005547048,0,0.0009424741,0
TX-E2B-0272,183.79,1,benign,0.99411833,1,0.98865664,1
TX-E2B-0273,20.48,0,benign,0.000242518,0,0.00044011322,0
TX-E2B-0274,82.01,0,suspicious,9.976703e-05,0,9.355764e-05,0
TX-E2B-0275,1025.88,0,benign,0.053140834,0,0.04653827,0
TX-E2B-0276,130.47,0,poisoned,0.0004940505,0,0.0003978892,0
TX-E2B-0277,27.67,1,poisoned,0.9983601,1,0.99881494,1
TX-E2B-0278,46.46,0,poisoned,0.000112997506,0,0.00013105579,0
TX-E2B-0279,57.11,0,suspicious,0.00017076528,0,0.00014328446,0
TX-E2B-0280,209.35,0,benign,0.002695925,0,0.002670442,0
TX-E2B-0281,260.09,0,poisoned,0.0002547236,0,0.00040043183,0
TX-E2B-0282,125.38,1,poisoned,0.99753344,1,0.9934111,1
TX-E2B-0283,87.27,0,benign,0.00029663846,0,0.00036449413,0
TX-E2B-0284,22.02,0,suspicious,0.0001552905,0,0.0001485103,0
TX-E2B-0285,59.62,0,poisoned,0.00019651008,0,0.00011746995,0
TX-E2B-0286,80.73,0,suspicious,0.00020596753,0,0.00016068257,0
TX-E2B-0287,36.89,0,benign,0.004648526,0,0.0076947226,0
TX-E2B-0288,79.21,0,poisoned,0.00011348613,0,0.00010507087,0
TX-E2B-0289,45.28,0,benign,0.000106128275,0,0.0001097508,0
TX-E2B-0290,23.7,0,benign,0.0045766463,0,0.002998789,0
TX-E2B-0291,200.22,0,benign,9.4504336e-05,0,0.0001407464,0
TX-E2B-0292,97.62,0,poisoned,9.646582e-05,0,9.815274e-05,0
TX-E2B-0293,52.61,0,benign,0.0006892715,0,0.0011458381,0
TX-E2B-0294,119.46,1,benign,0.93688154,1,0.86703134,1
TX-E2B-0295,34.95,0,suspicious,0.011663472,0,0.019985344,0
TX-E2B-0296,50.53,0,benign,0.00047260185,0,0.0004428846,0
TX-E2B-0297,215.51,0,benign,0.10769696,0,0.082306676,0
TX-E2B-0298,38.97,0,benign,0.00021946988,0,0.00017961701,0
TX-E2B-0299,58.3,0,benign,0.000399452,0,0.0002939112,0
TX-E2B-0300,41.25,0,benign,0.0011141165,0,0.0007142999,0
TX-E2B-0301,25.08,0,suspicious,0.00031859463,0,0.00022703255,0
TX-E2B-0302,31.67,0,benign,0.0021312311,0,0.0037521631,0
TX-E2B-0303,315.68,0,benign,0.00016200873,0,0.00019178099,0
TX-E2B-0304,98.81,0,suspicious,9.122315e-05,0,7.908161e-05,0
TX-E2B-0305,36.37,0,suspicious,0.0005069137,0,0.000565712,0
TX-E2B-0306,174.19,0,suspicious,0.00012705769,0,0.00018302491,0
TX-E2B-0307,173.32,0,suspicious,0.053489823,0,0.054717075,0
TX-E2B-0308,55.37,0,benign,0.00024571433,0,0.00026754837,0
TX-E2B-0309,22.9,0,suspicious,8.014645e-05,0,7.121363e-05,0
TX-E2B-0310,422.18,0,suspicious,0.0009438188,0,0.00077968,0
TX-E2B-0311,62.02,0,benign,0.00043866047,0,0.00036392853,0
TX-E2B-0312,114.83,0,suspicious,0.0021956917,0,0.0018955638,0
TX-E2B-0313,179.04,0,benign,0.80439895,1,0.8731441,1
TX-E2B-0314,48.93,0,poisoned,0.008778353,0,0.013585153,0
TX-E2B-0315,26.79,0,poisoned,0.00014496864,0,0.00010272439,0
TX-E2B-0316,57.8,1,benign,0.99955827,1,0.999592,1
TX-E2B-0317,69.78,0,suspicious,0.0030007658,0,0.002197484,0
TX-E2B-0318,51.85,0,poisoned,0.00024817424,0,0.00027255111,0
TX-E2B-0319,33.83,0,poisoned,0.00015757594,0,0.00012370879,0
TX-E2B-0320,36.84,0,benign,0.0003771168,0,0.00038552002,0
TX-E2B-0321,46.95,0,poisoned,0.005304201,0,0.0074549504,0
TX-E2B-0322,342.33,0,benign,0.003165338,0,0.0050381976,0
TX-E2B-0323,76.53,0,poisoned,0.0002461155,0,0.00024503306,0
TX-E2B-0324,117.65,0,benign,0.0003034747,0,0.00023938973,0
TX-E2B-0325,223.04,0,benign,0.0013955814,0,0.0009696757,0
TX-E2B-0326,916.23,0,suspicious,0.013485659,0,0.025366165,0
TX-E2B-0327,47.95,0,poisoned,0.000104718085,0,7.866043e-05,0
TX-E2B-0328,50.33,0,poisoned,9.009961e-05,0,0.00012377663,0
TX-E2B-0329,162.85,0,poisoned,0.00012527431,0,0.00016322531,0
TX-E2B-0330,60.43,0,suspicious,0.00083076034,0,0.0009743367,0
TX-E2B-0331,94.44,0,benign,0.0001671375,0,0.00014417351,0
TX-E2B-0332,14.14,0,poisoned,0.00013266443,0,0.000133186,0
TX-E2B-0333,205.12,0,suspicious,0.00016963673,0,0.00023346707,0
TX-E2B-0334,95.66,0,poisoned,0.0011443082,0,0.001140558,0
TX-E2B-0335,30.58,0,benign,0.00041438817,0,0.00041671153,0
TX-E2B-0336,35.84,0,poisoned,0.00018277761,0,0.00019612449,0
TX-E2B-0337,132.18,0,benign,0.01580611,0,0.023649096,0
TX-E2B-0338,40.16,0,benign,8.532599e-05,0,8.035169e-05,0
TX-E2B-0339,160.33,0,suspicious,0.0008006297,0,0.000902117,0
TX-E2B-0340,197.12,0,benign,0.00012590145,0,0.0001338414,0
TX-E2B-0341,50.61,0,benign,0.00025739783,0,0.00024639184,0
TX-E2B-0342,21.05,0,benign,0.00082533224,0,0.000652379,0
TX-E2B-0343,38.85,0,suspicious,0.00011947012,0,0.00013022962,0
TX-E2B-0344,42.69,1,benign,0.9993316,1,0.99949706,1
TX-E2B-0345,109.51,0,benign,0.0025195228,0,0.0021460147,0
TX-E2B-0346,63.64,0,benign,0.00085305097,0,0.00093910913,0
TX-E2B-0347,179.24,0,benign,0.00016462503,0,0.0002221616,0
TX-E2B-0348,44.59,0,suspicious,0.00013431943,0,0.00016133691,0
TX-E2B-0349,79.38,1,poisoned,0.0034725233,0,0.006308814,0
TX-E2B-0350,262.12,1,benign,0.9924272,1,0.9946885,1
TX-E2B-0351,567.44,1,benign,0.99981207,1,0.99970394,1
TX-E2B-0352,112.07,1,benign,0.0006980068,0,0.0009887316,0
TX-E2B-0353,66.95,0,benign,0.00012919978,0,0.00014779026,0
TX-E2B-0354,30.22,1,benign,0.99739265,1,0.9984054,1
TX-E2B-0355,82.44,1,benign,0.8976662,1,0.85361534,1
TX-E2B-0356,485.31,1,benign,0.9996928,1,0.99977344,1
TX-E2B-0357,853.67,1,benign,0.9996946,1,0.9996784,1
TX-E2B-0358,73.44,0,suspicious,0.0003752368,0,0.00034770527,0
TX-E2B-0359,26.93,0,benign,0.0005059287,0,0.00076515303,0
TX-E2B-0360,67.37,0,benign,0.00094617467,0,0.0012809138,0
TX-E2B-0361,199.74,0,benign,0.025656369,0,0.040350396,0
TX-E2B-0362,30.37,0,suspicious,0.00044567214,0,0.00032203714,0
TX-E2B-0363,69.29,0,suspicious,5.629754e-05,0,5.6540186e-05,0
TX-E2B-0364,31.23,0,suspicious,0.00014400821,0,0.00015040526,0
TX-E2B-0365,132.12,0,benign,0.00017627608,0,0.00016262673,0
TX-E2B-0366,72.81,0,benign,0.00034436895,0,0.0003826474,0
TX-E2B-0367,27.31,0,suspicious,0.00024799188,0,0.0003177132,0
TX-E2B-0368,60.65,0,benign,0.0021253626,0,0.002163416,0
TX-E2B-0369,29.34,1,benign,0.9993011,1,0.9993112,1
TX-E2B-0370,189.4,0,poisoned,0.002460692,0,0.0041748886,0
TX-E2B-0371,24.72,0,suspicious,0.0053496235,0,0.0035629084,0
TX-E2B-0372,691.46,1,benign,0.99320626,1,0.9938054,1
TX-E2B-0373,872.03,1,benign,0.99830484,1,0.99537224,1
TX-E2B-0374,29.3,0,benign,0.0010025048,0,0.0014257758,0
TX-E2B-0375,114.33,1,benign,0.98654944,1,0.9891229,1
TX-E2B-0376,48.23,0,poisoned,0.00024691698,0,0.00027148574,0
TX-E2B-0377,19.08,0,benign,0.00010739298,0,0.00012424431,0
TX-E2B-0378,30.93,0,benign,0.00039013647,0,0.00028790344,0
TX-E2B-0379,47.61,0,benign,0.0010340756,0,0.0009270811,0
TX-E2B-0380,27.48,0,suspicious,0.00010110304,0,6.56505e-05,0
TX-E2B-0381,25.25,0,suspicious,0.000229785,0,0.00016506702,0
TX-E2B-0382,876.57,1,poisoned,0.9971584,1,0.9970843,1
TX-E2B-0383,138.37,0,benign,0.00015170229,0,0.00020148829,0
TX-E2B-0384,30.87,0,suspicious,0.00061252626,0,0.00046504193,0
TX-E2B-0385,86.72,0,poisoned,0.0009769696,0,0.0009651714,0
TX-E2B-0386,114.75,1,benign,0.9983748,1,0.9984647,1
TX-E2B-0387,68.02,0,benign,0.00041401782,0,0.0003074375,0
TX-E2B-0388,42.17,1,benign,0.9738444,1,0.976398,1
TX-E2B-0389,78.48,1,suspicious,0.9902328,1,0.9947213,1
TX-E2B-0390,32.59,0,benign,0.000119495184,0,0.00012693126,0
TX-E2B-0391,53.22,0,benign,0.12713516,0,0.24049515,0
TX-E2B-0392,56.06,0,benign,0.00067879277,0,0.00061322283,0
TX-E2B-0393,95.71,0,suspicious,0.0049610967,0,0.010465263,0
TX-E2B-0394,20.46,0,benign,0.00024963444,0,0.00028127065,0
TX-E2B-0395,132.33,1,benign,0.99945515,1,0.9995647,1
TX-E2B-0396,25.46,0,poisoned,0.00014234264,0,0.00011103102,0
TX-E2B-0397,172.2,1,suspicious,0.9977137,1,0.996617,1
TX-E2B-0398,142.19,0,benign,0.0057948544,0,0.0059406185,0
TX-E2B-0399,58.41,1,benign,0.9990054,1,0.9992767,1
TX-E2B-0400,62.79,1,poisoned,0.7019678,1,0.9181889,1
TX-E2B-0401,69.72,0,benign,0.0058210106,0,0.0044311457,0
TX-E2B-0402,66.33,0,suspicious,0.00034513802,0,0.00025180736,0
TX-E2B-0403,184.55,0,poisoned,0.00012039715,0,0.00013244411,0
TX-E2B-0404,45.53,0,benign,0.001360853,0,0.0015991323,0
TX-E2B-0405,110.09,0,benign,0.00010755377,0,0.00011257731,0
TX-E2B-0406,162.77,0,suspicious,0.004044532,0,0.014086243,0
TX-E2B-0407,438.51,0,benign,0.026442774,0,0.047170162,0
TX-E2B-0408,29.93,0,benign,0.00014105326,0,9.610333e-05,0
TX-E2B-0409,87.54,0,poisoned,0.00012087938,0,0.00015303149,0
TX-E2B-0410,44.27,0,benign,8.23333e-05,0,8.332058e-05,0
TX-E2B-0411,82.9,0,poisoned,0.0001946967,0,0.00015924561,0
TX-E2B-0412,82.64,1,benign,0.93131423,1,0.958266,1
TX-E2B-0413,39.77,0,suspicious,0.00021418447,0,0.0002586776,0
TX-E2B-0414,95.42,0,suspicious,0.00014816418,0,0.0001292052,0
TX-E2B-0415,83.84,0,poisoned,0.0005685041,0,0.00042942964,0
TX-E2B-0416,76.81,1,poisoned,0.99681526,1,0.9947567,1
TX-E2B-0417,47.01,0,benign,0.0001428241,0,0.00015825775,0
TX-E2B-0418,13.17,0,poisoned,0.00013786231,0,8.15491e-05,0
TX-E2B-0419,54.98,0,suspicious,0.00053072977,0,0.00045962742,0
TX-E2B-0420,216.45,0,poisoned,0.0004103123,0,0.00046584298,0
TX-E2B-0421,78.49,0,poisoned,0.0010298446,0,0.0005904062,0
TX-E2B-0422,69.59,0,poisoned,0.0036112594,0,0.0053997403,0
TX-E2B-0423,241.46,1,benign,0.9975164,1,0.9983089,1
TX-E2B-0424,25.06,0,benign,0.0005942347,0,0.0010716742,0
TX-E2B-0425,81.86,0,suspicious,0.00017411415,0,0.0001278774,0
TX-E2B-0426,123.66,1,benign,0.9983255,1,0.9990721,1
TX-E2B-0427,215.6,0,benign,0.00056185055,0,0.0012692405,0
TX-E2B-0428,314.53,1,benign,0.99667287,1,0.99533397,1
TX-E2B-0429,201.84,0,suspicious,0.0031571607,0,0.0019071456,0
TX-E2B-0430,58.73,0,benign,0.0028007764,0,0.00381453,0
TX-E2B-0431,199.69,0,benign,0.00036900153,0,0.0002898357,0
TX-E2B-0432,156.23,0,benign,7.242507e-05,0,7.011092e-05,0
TX-E2B-0433,121.86,0,benign,0.009090573,0,0.012813589,0
TX-E2B-0434,151.33,0,benign,0.0032332852,0,0.005471267,0
TX-E2B-0435,54.68,0,benign,0.001244154,0,0.0007504613,0
TX-E2B-0436,300.37,1,benign,0.9951395,1,0.9943245,1
TX-E2B-0437,197.66,0,suspicious,6.524352e-05,0,6.336356e-05,0
TX-E2B-0438,81.13,0,benign,0.0011670575,0,0.0016045597,0
TX-E2B-0439,45.96,0,poisoned,0.00020168166,0,0.00014518251,0
TX-E2B-0440,54.64,1,suspicious,0.9986016,1,0.99875045,1
TX-E2B-0441,165.37,0,suspicious,0.0001377677,0,0.00022561976,0
TX-E2B-0442,49.3,0,poisoned,5.9180264e-05,0,0.00010097046,0
TX-E2B-0443,114.18,0,suspicious,0.00039942097,0,0.00025181216,0
TX-E2B-0444,119.26,1,benign,0.9991553,1,0.99926287,1
TX-E2B-0445,98.87,0,benign,0.00011436696,0,0.00017631339,0
TX-E2B-0446,94.21,0,poisoned,0.0019463005,0,0.0012614676,0
TX-E2B-0447,82.43,1,suspicious,0.93748665,1,0.93863666,1
TX-E2B-0448,65.04,0,poisoned,0.00036001264,0,0.00029088542,0
TX-E2B-0449,27.8,0,benign,0.00012867528,0,0.00013965365,0
TX-E2B-0450,63.72,0,benign,0.00017347862,0,0.00012973286,0
TX-E2B-0451,26.74,0,poisoned,0.00023690276,0,0.00024104105,0
TX-E2B-0452,56.24,0,poisoned,0.00044117845,0,0.00039862897,0
TX-E2B-0453,32.11,1,poisoned,0.9966233,1,0.99260473,1
TX-E2B-0454,30.01,0,poisoned,0.00020577066,0,0.00015905092,0
TX-E2B-0455,32.58,0,benign,0.00038653368,0,0.0005073236,0
TX-E2B-0456,26.78,0,poisoned,0.00017105421,0,0.00019281548,0
TX-E2B-0457,20.4,0,benign,0.0002238076,0,0.00042336763,0
TX-E2B-0458,482.77,1,benign,0.99689025,1,0.99657154,1
TX-E2B-0459,39.28,0,suspicious,0.044221558,0,0.041688178,0
TX-E2B-0460,33.18,0,benign,0.00039785678,0,0.0004834784,0
TX-E2B-0461,219.09,0,poisoned,0.03427221,0,0.051942617,0
TX-E2B-0462,117.58,0,benign,0.00021586295,0,0.0003423646,0
TX-E2B-0463,104.02,0,benign,0.000113505615,0,0.00014806828,0
TX-E2B-0464,59.66,0,poisoned,0.2433176,0,0.14628832,0
TX-E2B-0465,260.6,1,poisoned,0.9901362,1,0.9900586,1
TX-E2B-0466,55.17,0,benign,0.00046168859,0,0.00039291545,0
TX-E2B-0467,90.71,0,benign,0.00038007108,0,0.00051445444,0
TX-E2B-0468,88.82,0,benign,0.0013138802,0,0.001776608,0
TX-E2B-0469,42.79,0,benign,0.0005393907,0,0.0011197675,0
TX-E2B-0470,27.97,0,benign,0.0043450175,0,0.0057952222,0
TX-E2B-0471,54.78,0,poisoned,0.0057661403,0,0.004272401,0
TX-E2B-0472,380.31,0,poisoned,0.0028574523,0,0.0038870086,0
TX-E2B-0473,208.03,0,benign,0.00014757649,0,0.00016326173,0
TX-E2B-0474,21.79,0,poisoned,0.004326286,0,0.0013985697,0
TX-E2B-0475,48.91,0,benign,0.00034999519,0,0.00030023482,0
TX-E2B-0476,46.31,1,benign,0.99968755,1,0.9997336,1
TX-E2B-0477,33.04,0,benign,0.16941391,0,0.12313482,0
TX-E2B-0478,22.52,0,poisoned,0.0009865904,0,0.0006622858,0
TX-E2B-0479,91.67,0,benign,0.8986879,1,0.9455374,1
TX-E2B-0480,45.77,0,poisoned,0.00031161067,0,0.00031676018,0
TX-E2B-0481,40.59,0,poisoned,0.003061546,0,0.0037558293,0
TX-E2B-0482,840.72,1,suspicious,0.9967379,1,0.9958891,1
TX-E2B-0483,24.67,0,suspicious,0.00015694703,0,7.4522824e-05,0
TX-E2B-0484,88.92,0,benign,0.0006180115,0,0.00039635412,0
TX-E2B-0485,16.37,0,benign,0.0012778692,0,0.0017023741,0
TX-E2B-0486,54.59,0,benign,0.00028930977,0,0.0003487181,0
TX-E2B-0487,22.56,0,benign,0.00031367596,0,0.00032954424,0
TX-E2B-0488,428.4,0,suspicious,0.43199626,0,0.45975995,0
TX-E2B-0489,50.75,0,benign,0.0007262037,0,0.0019685407,0
TX-E2B-0490,75.34,0,poisoned,0.00035352368,0,0.00025514187,0
TX-E2B-0491,131.01,0,benign,0.0005153779,0,0.0005493307,0
TX-E2B-0492,43.3,0,benign,0.00014820954,0,0.00015877862,0
TX-E2B-0493,4.67,1,benign,0.98266256,1,0.9775493,1
TX-E2B-0494,32.22,0,benign,0.00013821574,0,0.00021717345,0
TX-E2B-0495,148.95,0,benign,0.0007280005,0,0.00060655415,0
TX-E2B-0496,764.92,0,benign,0.00058943935,0,0.0006608016,0
TX-E2B-0497,371.35,0,poisoned,0.014716295,0,0.014703192,0
TX-E2B-0498,206.22,0,poisoned,0.0009740977,0,0.0012205965,0
TX-E2B-0499,27.51,0,benign,0.000103737715,0,8.1658596e-05,0
TX-E2B-0500,104.73,1,benign,0.99962544,1,0.9997243,1
TX-E2B-0501,107.21,0,benign,0.003277807,0,0.00920056,0
TX-E2B-0502,89.19,0,poisoned,0.008627595,0,0.011903497,0
TX-E2B-0503,56.05,0,suspicious,0.0003841604,0,0.0005503648,0
TX-E2B-0504,80.67,0,benign,0.001954329,0,0.0010384842,0
TX-E2B-0505,46.77,0,benign,0.0028055976,0,0.0021381562,0
TX-E2B-0506,55.14,0,suspicious,0.0005108239,0,0.0004696249,0
TX-E2B-0507,55.06,0,poisoned,0.00031503,0,0.00037568115,0
TX-E2B-0508,133.54,0,poisoned,0.0010301749,0,0.0015597452,0
TX-E2B-0509,59.12,0,poisoned,0.00032335447,0,0.00031221163,0
TX-E2B-0510,60.32,0,benign,0.03213824,0,0.06487898,0
TX-E2B-0511,47.24,0,poisoned,0.0006304919,0,0.0007034936,0
TX-E2B-0512,72.0,0,suspicious,0.00013283986,0,6.533405e-05,0
TX-E2B-0513,67.75,1,benign,0.99589527,1,0.99657416,1
TX-E2B-0514,56.12,0,poisoned,0.00016236195,0,0.00014858934,0
TX-E2B-0515,79.39,0,benign,0.039499484,0,0.044682395,0
TX-E2B-0516,124.21,1,benign,0.9991387,1,0.9993492,1
TX-E2B-0517,267.3,0,suspicious,0.0005674793,0,0.00069609564,0
TX-E2B-0518,22.82,0,benign,0.0008570558,0,0.00063748675,0
TX-E2B-0519,645.27,1,suspicious,0.99712366,1,0.99725986,1
TX-E2B-0520,105.64,0,benign,0.00019208697,0,0.00017898974,0
TX-E2B-0521,55.53,1,benign,0.05490769,0,0.039242405,0
TX-E2B-0522,104.9,0,benign,0.00044414555,0,0.00048925605,0
TX-E2B-0523,560.04,1,benign,0.99083334,1,0.9894031,1
TX-E2B-0524,71.45,1,benign,0.99761355,1,0.99651766,1
TX-E2B-0525,34.03,0,benign,0.00021789754,0,0.0001770214,0
TX-E2B-0526,307.43,0,suspicious,0.0013074091,0,0.0011480788,0
TX-E2B-0527,34.41,0,benign,0.002256535,0,0.0058845486,0
TX-E2B-0528,78.21,0,suspicious,0.0004432366,0,0.00055264926,0
TX-E2B-0529,344.46,0,benign,0.0007264204,0,0.00076486106,0
TX-E2B-0530,68.1,0,suspicious,0.0001559715,0,0.00026412375,0
TX-E2B-0531,63.1,0,benign,0.00020950181,0,0.00024511485,0
TX-E2B-0532,90.78,0,benign,0.00023911303,0,0.0002806053,0
TX-E2B-0533,72.2,0,benign,0.00091783935,0,0.0012633085,0
TX-E2B-0534,78.43,0,poisoned,0.0012206866,0,0.0012490056,0
TX-E2B-0535,85.85,0,suspicious,0.0006622883,0,0.00054167357,0
TX-E2B-0536,77.13,0,suspicious,0.009286912,0,0.03974467,0
TX-E2B-0537,44.61,0,suspicious,0.00028907845,0,0.00023225594,0
TX-E2B-0538,37.46,1,benign,0.9995788,1,0.99943906,1
TX-E2B-0539,145.5,0,poisoned,0.00015145181,0,0.00012722804,0
TX-E2B-0540,148.76,1,benign,0.9991738,1,0.99955755,1
TX-E2B-0541,173.26,0,benign,0.0014216406,0,0.00215081,0
TX-E2B-0542,26.72,0,suspicious,0.00018904191,0,0.00012554816,0
TX-E2B-0543,82.85,0,benign,0.012268814,0,0.011023765,0
TX-E2B-0544,37.74,0,benign,0.0001524991,0,0.00010958024,0
TX-E2B-0545,20.37,0,suspicious,0.0016080813,0,0.001854247,0
TX-E2B-0546,53.31,0,poisoned,0.00056633324,0,0.00049589743,0
TX-E2B-0547,160.63,0,benign,0.016084459,0,0.030388836,0
TX-E2B-0548,137.86,0,suspicious,7.299913e-05,0,9.6884345e-05,0
TX-E2B-0549,43.23,0,suspicious,0.22793238,0,0.46682552,0
TX-E2B-0550,268.03,0,poisoned,0.15203679,0,0.3673919,0
TX-E2B-0551,132.22,0,benign,0.0014363087,0,0.0021259494,0
TX-E2B-0552,60.76,0,benign,0.0005748971,0,0.00077000406,0
TX-E2B-0553,67.54,0,benign,0.0005442192,0,0.00062328315,0
TX-E2B-0554,35.56,0,poisoned,0.0011606369,0,0.0020012408,0
TX-E2B-0555,38.01,0,benign,0.0021521193,0,0.0048534893,0
TX-E2B-0556,171.18,0,suspicious,0.00081856636,0,0.00068133534,0
TX-E2B-0557,608.39,0,suspicious,0.021314384,0,0.027239911,0
TX-E2B-0558,173.96,0,suspicious,0.0006600451,0,0.0006346959,0
TX-E2B-0559,376.61,1,poisoned,0.99775714,1,0.994726,1
TX-E2B-0560,86.44,1,benign,0.9937773,1,0.9938903,1
TX-E2B-0561,63.82,0,poisoned,7.4867e-05,0,8.1446124e-05,0
TX-E2B-0562,35.2,0,suspicious,0.0013695608,0,0.00066253607,0
TX-E2B-0563,73.18,0,poisoned,0.00016519235,0,0.00014515538,0
TX-E2B-0564,279.63,1,benign,0.9980666,1,0.9986688,1
TX-E2B-0565,150.22,1,benign,0.98861516,1,0.99097884,1
TX-E2B-0566,63.25,0,suspicious,0.0007937401,0,0.0010463105,0
TX-E2B-0567,20.21,0,poisoned,7.130911e-05,0,6.945134e-05,0
TX-E2B-0568,61.77,0,benign,0.00013119858,0,9.208781e-05,0
TX-E2B-0569,95.06,0,benign,0.0010684396,0,0.0018580474,0
TX-E2B-0570,56.45,1,benign,0.9850514,1,0.9750323,1
TX-E2B-0571,64.52,0,suspicious,0.0017902104,0,0.0014680463,0
TX-E2B-0572,80.91,0,suspicious,0.00035295775,0,0.0004271525,0
TX-E2B-0573,215.95,0,poisoned,0.0013741474,0,0.0016794628,0
TX-E2B-0574,63.85,0,benign,0.00042101464,0,0.0005050665,0
TX-E2B-0575,58.08,0,benign,0.00027113187,0,0.00032146904,0
TX-E2B-0576,46.92,0,benign,0.00040432307,0,0.0007274047,0
TX-E2B-0577,43.0,0,benign,0.00014459025,0,0.00015867146,0
TX-E2B-0578,63.38,0,benign,0.00038338391,0,0.00064768246,0
TX-E2B-0579,48.13,0,benign,0.00018561009,0,0.00021210546,0
TX-E2B-0580,45.59,0,suspicious,7.031392e-05,0,9.034317e-05,0
TX-E2B-0581,26.68,1,poisoned,0.99891937,1,0.99929607,1
TX-E2B-0582,101.72,0,benign,0.00046197936,0,0.0003910575,0
TX-E2B-0583,634.84,0,benign,0.0012143604,0,0.0009899824,0
TX-E2B-0584,38.05,0,poisoned,0.002114534,0,0.0037106588,0
TX-E2B-0585,62.57,0,poisoned,0.0021288686,0,0.0022615348,0
TX-E2B-0586,40.09,0,suspicious,0.00019181593,0,0.00022763164,0
TX-E2B-0587,50.04,0,poisoned,0.0044991914,0,0.003668455,0
TX-E2B-0588,177.8,0,benign,0.8194013,1,0.8325142,1
TX-E2B-0589,24.92,0,suspicious,0.00015981376,0,0.00013500088,0
TX-E2B-0590,50.42,0,suspicious,0.001268098,0,0.00078866864,0
TX-E2B-0591,172.6,0,poisoned,0.0009850754,0,0.0010430093,0
TX-E2B-0592,145.39,0,benign,0.00026705573,0,0.00028103395,0
TX-E2B-0593,124.05,0,poisoned,0.00050649204,0,0.0010643172,0
TX-E2B-0594,58.65,0,benign,0.0076564425,0,0.009985795,0
TX-E2B-0595,54.35,0,benign,9.373687e-05,0,0.000108024215,0
TX-E2B-0596,214.3,0,poisoned,0.0013202501,0,0.0017433886,0
TX-E2B-0597,19.7,0,benign,0.00011162764,0,8.298461e-05,0
TX-E2B-0598,56.27,0,benign,0.0013671701,0,0.0017754954,0
TX-E2B-0599,29.26,0,poisoned,0.0012756195,0,0.0015836527,0
TX-E2B-0600,59.31,0,benign,0.0001220982,0,9.1503076e-05,0
TX-E2B-0601,110.75,0,suspicious,0.00032601092,0,0.00027115564,0
TX-E2B-0602,96.19,0,benign,0.0001155287,0,7.9835154e-05,0
TX-E2B-0603,66.34,0,poisoned,0.0024362542,0,0.0049513327,0
TX-E2B-0604,32.07,0,poisoned,0.0008096028,0,0.00044029133,0
TX-E2B-0605,69.13,0,poisoned,7.337845e-05,0,0.000109325054,0
TX-E2B-0606,98.56,0,poisoned,8.991868e-05,0,0.00014319144,0
TX-E2B-0607,35.2,0,benign,0.0015403567,0,0.0009225805,0
TX-E2B-0608,92.09,1,suspicious,0.99696904,1,0.9964077,1
TX-E2B-0609,142.93,0,benign,0.00011894461,0,0.00011759099,0
TX-E2B-0610,39.8,0,benign,0.003334415,0,0.0020878194,0
TX-E2B-0611,95.39,0,benign,6.8395726e-05,0,9.193995e-05,0
TX-E2B-0612,153.35,0,benign,0.00011923942,0,0.00017652888,0
TX-E2B-0613,156.86,1,benign,0.9946926,1,0.99190134,1
TX-E2B-0614,47.92,0,benign,0.001469769,0,0.0014163913,0
TX-E2B-0615,137.29,0,suspicious,0.00011621453,0,9.756569e-05,0
TX-E2B-0616,38.53,0,benign,0.00037858303,0,0.0004222838,0
TX-E2B-0617,896.54,1,poisoned,0.99900573,1,0.9991423,1
TX-E2B-0618,78.22,0,benign,0.0007365033,0,0.0005492846,0
TX-E2B-0619,140.88,0,poisoned,0.00016601822,0,0.00014054362,0
TX-E2B-0620,91.5,0,suspicious,0.0001120444,0,0.00011164904,0
TX-E2B-0621,34.72,0,poisoned,0.00066126185,0,0.00052524527,0
TX-E2B-0622,62.46,0,benign,0.019846082,0,0.030612705,0
TX-E2B-0623,59.97,1,benign,0.9984315,1,0.9985165,1
TX-E2B-0624,924.91,1,poisoned,0.99962187,1,0.99953735,1
TX-E2B-0625,83.11,1,suspicious,0.997632,1,0.9976808,1
TX-E2B-0626,126.15,0,benign,0.018240122,0,0.023171613,0
TX-E2B-0627,141.6,0,poisoned,0.0004823345,0,0.0007520438,0
TX-E2B-0628,77.18,0,benign,8.7832545e-05,0,8.619038e-05,0
TX-E2B-0629,35.98,0,poisoned,0.11925421,0,0.08311115,0
TX-E2B-0630,13.31,0,poisoned,0.0002533469,0,0.00014817307,0
TX-E2B-0631,25.97,0,benign,0.00052718434,0,0.00075497094,0
TX-E2B-0632,75.18,0,poisoned,8.834411e-05,0,0.00011010175,0
TX-E2B-0633,679.5,1,benign,0.99799573,1,0.99436414,1
TX-E2B-0634,178.88,0,benign,0.0031273495,0,0.014460847,0
TX-E2B-0635,103.79,0,poisoned,0.001580934,0,0.001732453,0
TX-E2B-0636,27.89,0,benign,0.00040271995,0,0.0003924024,0
TX-E2B-0637,227.97,1,suspicious,0.998684,1,0.9991111,1
TX-E2B-0638,29.68,0,poisoned,0.00030335205,0,0.0002927071,0
TX-E2B-0639,21.3,0,suspicious,0.0012444461,0,0.00057082827,0
TX-E2B-0640,57.31,0,benign,0.096194744,0,0.1362003,0
TX-E2B-0641,104.72,0,benign,0.00033093328,0,0.00024804933,0
TX-E2B-0642,119.74,0,poisoned,0.0045939377,0,0.005481736,0
TX-E2B-0643,174.22,0,benign,0.0030932438,0,0.0035251584,0
TX-E2B-0644,47.95,0,suspicious,0.00032072884,0,0.00026934507,0
TX-E2B-0645,35.06,0,poisoned,0.00033464242,0,0.0002275095,0
TX-E2B-0646,57.67,0,poisoned,0.00056304253,0,0.00052256463,0
TX-E2B-0647,23.23,0,benign,0.00014561007,0,0.00017658561,0
TX-E2B-0648,245.26,1,benign,0.6324105,1,0.69261605,1
TX-E2B-0649,107.79,0,poisoned,0.00014977084,0,0.00010313654,0
TX-E2B-0650,926.81,1,benign,0.99919647,1,0.9992761,1
TX-E2B-0651,49.67,0,benign,0.0006162619,0,0.0010039964,0
TX-E2B-0652,71.41,0,suspicious,0.0004778504,0,0.0003223658,0
TX-E2B-0653,54.33,1,poisoned,0.9860157,1,0.99274325,1
TX-E2B-0654,124.76,0,benign,0.00010236279,0,0.00016089999,0
TX-E2B-0655,138.05,1,benign,0.91051656,1,0.90985674,1
TX-E2B-0656,81.27,0,poisoned,0.00015819845,0,0.0001199809,0
TX-E2B-0657,681.58,1,suspicious,0.9991339,1,0.9993254,1
TX-E2B-0658,89.34,0,benign,0.00040090963,0,0.000600926,0
TX-E2B-0659,16.41,0,benign,7.777404e-05,0,7.074039e-05,0
TX-E2B-0660,57.38,0,benign,0.00013378641,0,0.00012907652,0
TX-E2B-0661,107.5,0,poisoned,0.00025906635,0,0.00041288862,0
TX-E2B-0662,330.71,0,benign,0.00013174015,0,0.00011549015,0
TX-E2B-0663,53.91,0,poisoned,0.012191882,0,0.021782178,0
TX-E2B-0664,199.23,0,benign,0.022921372,0,0.02323844,0
TX-E2B-0665,223.9,0,suspicious,0.0010752252,0,0.0016131427,0
TX-E2B-0666,68.45,0,poisoned,9.369299e-05,0,9.915415e-05,0
TX-E2B-0667,39.54,0,benign,9.841817e-05,0,9.729514e-05,0
TX-E2B-0668,44.67,0,suspicious,0.00018377301,0,0.0002090951,0
TX-E2B-0669,22.02,0,benign,0.00066414685,0,0.00062383973,0
TX-E2B-0670,49.02,1,benign,0.96230906,1,0.9798086,1
TX-E2B-0671,60.18,0,poisoned,0.00010694955,0,9.20231e-05,0
TX-E2B-0672,51.4,0,benign,0.00013300288,0,0.00014925204,0
TX-E2B-0673,74.44,0,poisoned,0.00018549635,0,0.00013209399,0
TX-E2B-0674,200.48,0,suspicious,0.0008139497,0,0.0011790926,0
TX-E2B-0675,98.16,0,suspicious,0.0036204758,0,0.00122427,0
TX-E2B-0676,118.74,0,benign,0.0049660774,0,0.0057768025,0
TX-E2B-0677,49.49,0,poisoned,0.0001422375,0,0.00016034204,0
TX-E2B-0678,113.18,0,benign,8.1642786e-05,0,8.1737046e-05,0
TX-E2B-0679,100.3,0,poisoned,0.0009339316,0,0.0013349627,0
TX-E2B-0680,53.97,0,poisoned,0.00018569932,0,0.00014114207,0
TX-E2B-0681,26.16,0,benign,0.00023365347,0,0.0003715604,0
TX-E2B-0682,91.62,0,benign,0.0024681778,0,0.002082618,0
TX-E2B-0683,60.18,0,suspicious,0.00013916711,0,0.00011539802,0
TX-E2B-0684,95.23,0,benign,0.0024044355,0,0.0022294894,0
TX-E2B-0685,85.22,0,benign,0.0004325956,0,0.00023270903,0
TX-E2B-0686,162.23,0,suspicious,0.00013041042,0,0.0001220748,0
TX-E2B-0687,120.92,0,benign,0.00036771645,0,0.000493994,0
TX-E2B-0688,31.69,0,benign,0.0002864302,0,0.00030567808,0
TX-E2B-0689,61.7,0,benign,0.0008173664,0,0.0004494431,0
TX-E2B-0690,40.4,0,benign,0.001273765,0,0.0009861308,0
TX-E2B-0691,46.56,0,suspicious,0.0031646925,0,0.0020499397,0
TX-E2B-0692,94.89,0,poisoned,0.0005891712,0,0.0006478347,0
TX-E2B-0693,46.34,0,suspicious,0.00017450024,0,0.0001835429,0
TX-E2B-0694,86.62,1,suspicious,0.9997347,1,0.999811,1
TX-E2B-0695,33.9,0,benign,0.014475506,0,0.028867349,0
TX-E2B-0696,39.9,0,suspicious,0.00015745158,0,0.00017076918,0
TX-E2B-0697,54.13,1,benign,0.9946838,1,0.9966035,1
TX-E2B-0698,315.02,0,poisoned,0.0031411336,0,0.0028309422,0
TX-E2B-0699,153.84,0,suspicious,0.72659373,1,0.6209588,1
TX-E2B-0700,63.54,0,benign,0.06873933,0,0.066593565,0
TX-E2B-0701,18.4,0,benign,0.06818267,0,0.01670743,0
TX-E2B-0702,234.56,0,benign,0.000796119,0,0.00080550124,0
TX-E2B-0703,74.95,0,suspicious,0.000112082336,0,9.175542e-05,0
TX-E2B-0704,107.81,0,suspicious,0.00016750446,0,0.00017803519,0
TX-E2B-0705,58.12,0,poisoned,0.00051339046,0,0.0008073132,0
TX-E2B-0706,58.65,0,suspicious,0.000522905,0,0.00057146436,0
TX-E2B-0707,98.62,1,benign,0.8753516,1,0.8736974,1
TX-E2B-0708,36.25,0,poisoned,0.00013700695,0,7.343704e-05,0
TX-E2B-0709,41.59,0,benign,0.015314377,0,0.015252246,0
TX-E2B-0710,71.42,0,suspicious,0.00039652418,0,0.0002834509,0
TX-E2B-0711,101.51,0,suspicious,0.0012669131,0,0.0017567237,0
TX-E2B-0712,205.95,0,benign,0.0011462021,0,0.00088913826,0
TX-E2B-0713,59.3,0,poisoned,0.00012381369,0,0.00011286527,0
TX-E2B-0714,78.71,0,benign,8.082076e-05,0,8.526889e-05,0
TX-E2B-0715,195.58,0,poisoned,0.008013541,0,0.008771731,0
TX-E2B-0716,39.71,0,benign,0.000226803,0,0.0005331094,0
TX-E2B-0717,62.08,0,suspicious,0.00041856396,0,0.00049585203,0
TX-E2B-0718,68.13,0,suspicious,0.00090140686,0,0.000839928,0
TX-E2B-0719,214.1,0,suspicious,0.0014527134,0,0.0009793292,0
TX-E2B-0720,13.47,0,suspicious,0.0009824127,0,0.0013369222,0
TX-E2B-0721,49.34,0,benign,0.0002232426,0,0.00017254951,0
TX-E2B-0722,95.27,0,suspicious,0.00017119356,0,0.00017322952,0
TX-E2B-0723,84.23,0,suspicious,0.00016721833,0,0.0001208145,0
TX-E2B-0724,74.04,0,suspicious,0.008800068,0,0.011564999,0
TX-E2B-0725,62.54,0,benign,0.00017562513,0,0.00018604368,0
TX-E2B-0726,46.26,0,benign,0.00038257465,0,0.000626176,0
TX-E2B-0727,70.59,0,benign,0.00013783957,0,0.00011745045,0
TX-E2B-0728,178.17,0,poisoned,0.0006884817,0,0.0006817387,0
TX-E2B-0729,36.48,0,benign,0.002770515,0,0.0027122549,0
TX-E2B-0730,52.41,0,suspicious,8.050746e-05,0,5.59432e-05,0
TX-E2B-0731,49.42,0,suspicious,0.006964999,0,0.0045391424,0
TX-E2B-0732,53.75,0,benign,0.0029649157,0,0.005141323,0
TX-E2B-0733,70.47,0,benign,0.004087053,0,0.010449528,0
TX-E2B-0734,208.19,0,suspicious,0.00017594545,0,0.00019779493,0
TX-E2B-0735,40.88,0,poisoned,0.00018968614,0,0.00018027656,0
TX-E2B-0736,84.34,0,benign,0.00029842526,0,0.00032099982,0
TX-E2B-0737,143.7,0,benign,0.004158038,0,0.0030093705,0
TX-E2B-0738,54.99,1,suspicious,0.9890086,1,0.9873404,1
TX-E2B-0739,110.54,0,poisoned,0.081179954,0,0.059393488,0
TX-E2B-0740,220.84,0,poisoned,0.00025239,0,0.00040128687,0
TX-E2B-0741,29.98,0,benign,0.0010369685,0,0.0024446587,0
TX-E2B-0742,37.27,0,benign,7.393341e-05,0,6.2378705e-05,0
TX-E2B-0743,52.7,0,suspicious,0.00017547983,0,0.00015414614,0
TX-E2B-0744,23.53,1,benign,0.9974976,1,0.99866724,1
TX-E2B-0745,31.47,0,suspicious,0.00021664276,0,0.00020879308,0
TX-E2B-0746,93.96,0,poisoned,0.00023740859,0,0.00043663,0
TX-E2B-0747,113.29,0,suspicious,0.00012870142,0,0.000109274086,0
TX-E2B-0748,67.18,0,benign,0.23210461,0,0.29979673,0
TX-E2B-0749,39.16,0,benign,0.0003446256,0,0.00035500905,0
TX-E2B-0750,26.46,0,suspicious,0.0028946935,0,0.004310022,0
TX-E2B-0751,122.71,0,poisoned,0.00017305238,0,0.00014407483,0
TX-E2B-0752,47.82,0,suspicious,0.008714775,0,0.008259794,0
TX-E2B-0753,105.79,0,benign,0.0003138324,0,0.00033996798,0
TX-E2B-0754,30.17,0,benign,0.00029261387,0,0.00030118064,0
TX-E2B-0755,120.17,1,poisoned,0.99304813,1,0.9969137,1
TX-E2B-0756,50.21,0,suspicious,0.20510167,0,0.18018477,0
TX-E2B-0757,27.14,0,poisoned,0.00020020218,0,0.00021561426,0
TX-E2B-0758,77.95,1,poisoned,0.8646255,1,0.89687467,1
TX-E2B-0759,58.49,0,suspicious,0.00016613999,0,0.000101158585,0
TX-E2B-0760,61.45,0,suspicious,0.00011510678,0,0.000132304,0
TX-E2B-0761,98.26,0,benign,0.000205197,0,0.00020606419,0
TX-E2B-0762,17.44,0,poisoned,0.065413244,0,0.035116926,0
TX-E2B-0763,181.42,0,benign,0.00019823278,0,0.00020981346,0
TX-E2B-0764,70.24,0,poisoned,0.0016644162,0,0.0007824547,0
TX-E2B-0765,88.56,0,poisoned,0.0008893781,0,0.0008260407,0
TX-E2B-0766,45.53,1,suspicious,0.8487045,1,0.80386865,1
TX-E2B-0767,78.35,0,benign,0.011385381,0,0.010663286,0
TX-E2B-0768,94.25,0,benign,0.002046501,0,0.0022342051,0
TX-E2B-0769,180.7,0,benign,0.00018478245,0,0.00019963927,0
TX-E2B-0770,72.85,0,benign,0.06629149,0,0.04940483,0
TX-E2B-0771,83.07,0,suspicious,0.00024785925,0,0.00016702089,0
TX-E2B-0772,33.59,0,benign,0.000966159,0,0.0029296777,0
TX-E2B-0773,13.5,0,benign,0.0014277039,0,0.0015739264,0
TX-E2B-0774,104.86,0,benign,0.0042581824,0,0.0030100215,0
TX-E2B-0775,99.73,0,benign,0.0031994605,0,0.004746112,0
TX-E2B-0776,218.21,0,poisoned,0.00021709042,0,0.00027148236,0
TX-E2B-0777,110.93,0,poisoned,0.00045948586,0,0.00038924898,0
TX-E2B-0778,66.3,0,benign,0.0028512718,0,0.0039299997,0
TX-E2B-0779,107.15,1,benign,0.99561983,1,0.9955102,1
TX-E2B-0780,49.67,0,suspicious,0.16106986,0,0.04725725,0
TX-E2B-0781,56.28,0,suspicious,0.009333779,0,0.008784991,0
TX-E2B-0782,223.09,0,suspicious,0.19311236,0,0.040457856,0
TX-E2B-0783,70.12,0,benign,0.005376552,0,0.0034516975,0
TX-E2B-0784,69.87,0,suspicious,0.0002980633,0,0.00026965674,0
TX-E2B-0785,26.33,0,benign,0.00011314932,0,8.9239664e-05,0
TX-E2B-0786,89.56,0,suspicious,0.00026746496,0,0.00023088924,0
TX-E2B-0787,100.71,0,benign,9.81988e-05,0,0.00014608417,0
TX-E2B-0788,65.16,0,poisoned,9.741564e-05,0,7.53172e-05,0
TX-E2B-0789,143.51,0,benign,0.0004154023,0,0.00031447964,0
TX-E2B-0790,134.07,0,benign,0.0024185267,0,0.0021231964,0
TX-E2B-0791,876.07,1,benign,0.9952631,1,0.9966461,1
TX-E2B-0792,557.66,0,poisoned,0.004276653,0,0.007790438,0
TX-E2B-0793,85.59,0,suspicious,0.00011249189,0,0.000115221526,0
TX-E2B-0794,33.99,0,poisoned,0.0015750884,0,0.00084285106,0
TX-E2B-0795,60.87,0,poisoned,0.00027411236,0,0.0004384761,0
TX-E2B-0796,30.8,0,suspicious,8.6358545e-05,0,8.5736574e-05,0
TX-E2B-0797,50.03,0,suspicious,0.00043758313,0,0.00039749057,0
TX-E2B-0798,112.31,0,benign,0.000110638386,0,0.00014360342,0
TX-E2B-0799,40.84,0,benign,9.1506045e-05,0,6.467887e-05,0
TX-E2B-0800,109.47,0,suspicious,0.0011904258,0,0.0015230639,0
TX-E2B-0801,36.0,0,poisoned,0.0038191208,0,0.004368357,0
TX-E2B-0802,44.01,0,benign,0.0010228661,0,0.0011060227,0
TX-E2B-0803,134.52,0,benign,0.00013192582,0,0.0001291457,0
TX-E2B-0804,83.22,0,suspicious,0.019829676,0,0.03507095,0
TX-E2B-0805,81.53,0,benign,0.0004099552,0,0.0005189189,0
TX-E2B-0806,33.88,0,poisoned,0.00057673047,0,0.0004210851,0
TX-E2B-0807,113.28,1,poisoned,0.93719476,1,0.935228,1
TX-E2B-0808,92.2,0,poisoned,0.00027814283,0,0.0002624039,0
TX-E2B-0809,399.35,0,benign,0.0099777235,0,0.0117492005,0
TX-E2B-0810,88.58,1,benign,0.9956727,1,0.99268967,1
TX-E2B-0811,151.84,0,benign,0.00031386892,0,0.0005303475,0
TX-E2B-0812,173.51,1,suspicious,0.99878126,1,0.99879706,1
TX-E2B-0813,66.58,0,benign,0.00016029495,0,0.00015482388,0
TX-E2B-0814,77.08,0,benign,0.00056514965,0,0.00044374604,0
TX-E2B-0815,36.58,0,poisoned,0.00019692311,0,0.00017521449,0
TX-E2B-0816,132.75,0,poisoned,7.6093624e-05,0,8.973554e-05,0
TX-E2B-0817,52.54,0,benign,0.00012784936,0,0.00014548615,0
TX-E2B-0818,107.97,0,suspicious,0.0001114496,0,0.00012146068,0
TX-E2B-0819,59.11,0,benign,0.00076346146,0,0.0006584197,0
TX-E2B-0820,87.96,0,benign,8.6960645e-05,0,0.0001518932,0
TX-E2B-0821,65.35,0,poisoned,0.000514102,0,0.00049645855,0
TX-E2B-0822,45.07,0,suspicious,0.0002163515,0,0.00017552082,0
TX-E2B-0823,50.45,0,suspicious,0.00015577249,0,0.00011144312,0
TX-E2B-0824,68.41,0,benign,0.000111075075,0,8.5689986e-05,0
TX-E2B-0825,54.39,0,benign,0.00084201666,0,0.0007040546,0
TX-E2B-0826,74.5,0,suspicious,0.00014550792,0,9.646425e-05,0
TX-E2B-0827,84.82,0,poisoned,0.0007450996,0,0.0004495241,0
TX-E2B-0828,145.8,0,benign,0.0059446385,0,0.010092882,0
TX-E2B-0829,59.61,0,benign,0.001071227,0,0.0027860024,0
TX-E2B-0830,222.49,0,poisoned,0.0003189505,0,0.00036393027,0
TX-E2B-0831,40.56,1,benign,0.993897,1,0.99550855,1
TX-E2B-0832,81.4,0,poisoned,0.00011495441,0,9.426421e-05,0
TX-E2B-0833,223.25,0,poisoned,0.0011724042,0,0.0015869379,0
TX-E2B-0834,62.22,0,benign,0.00012278717,0,0.00010396211,0
TX-E2B-0835,38.7,0,benign,0.0027354741,0,0.0016776617,0
TX-E2B-0836,129.17,0,benign,0.0021229812,0,0.0019545467,0
TX-E2B-0837,124.12,1,benign,0.99989665,1,0.99966645,1
TX-E2B-0838,106.47,0,suspicious,0.0005080846,0,0.00050471514,0
TX-E2B-0839,58.43,0,poisoned,0.002067482,0,0.0016086318,0
TX-E2B-0840,27.19,0,poisoned,0.0005589475,0,0.00031167394,0
TX-E2B-0841,53.82,0,suspicious,0.0005020605,0,0.00032114127,0
TX-E2B-0842,58.03,0,benign,0.0003845235,0,0.00034827902,0
TX-E2B-0843,117.42,1,suspicious,0.9911246,1,0.9861735,1
TX-E2B-0844,210.84,0,poisoned,0.0020287037,0,0.0015200279,0
TX-E2B-0845,74.3,0,benign,0.0010169903,0,0.0013644964,0
TX-E2B-0846,60.25,0,benign,0.00026431849,0,0.00025939234,0
TX-E2B-0847,721.85,1,poisoned,0.9989704,1,0.9976483,1
TX-E2B-0848,5.25,1,benign,0.998543,1,0.99888545,1
TX-E2B-0849,27.99,0,benign,0.00020679223,0,0.00022568149,0
TX-E2B-0850,77.11,0,suspicious,7.9549034e-05,0,8.322751e-05,0
TX-E2B-0851,25.58,0,poisoned,0.00017921379,0,0.00013781131,0
TX-E2B-0852,77.53,0,suspicious,0.0017389959,0,0.0033017069,0
TX-E2B-0853,68.24,0,poisoned,0.005287041,0,0.001306633,0
TX-E2B-0854,41.87,0,poisoned,0.0002599883,0,0.00019114222,0
TX-E2B-0855,47.05,0,benign,0.00021554172,0,0.00026380792,0
TX-E2B-0856,68.32,0,benign,0.00035314725,0,0.00037238718,0
TX-E2B-0857,29.94,0,poisoned,0.0002623446,0,0.00018373832,0
TX-E2B-0858,28.53,0,benign,0.00017730537,0,0.00024621031,0
TX-E2B-0859,46.29,0,benign,0.00014060448,0,0.000117893236,0
TX-E2B-0860,31.94,0,benign,7.328447e-05,0,0.000101063706,0
TX-E2B-0861,56.97,1,benign,0.998533,1,0.9993955,1
TX-E2B-0862,134.46,1,benign,0.99176764,1,0.99421763,1
TX-E2B-0863,371.14,0,suspicious,0.0031495313,0,0.0021254495,0
TX-E2B-0864,53.55,0,benign,0.0011706755,0,0.0027110556,0
TX-E2B-0865,180.55,0,suspicious,0.00016648855,0,0.00020538099,0
TX-E2B-0866,359.54,0,poisoned,0.01052119,0,0.0040336614,0
TX-E2B-0867,24.54,0,suspicious,0.00018795829,0,0.00014232338,0
TX-E2B-0868,56.78,0,suspicious,0.005422665,0,0.0025209745,0
TX-E2B-0869,30.04,0,poisoned,0.06304452,0,0.04270586,0
TX-E2B-0870,92.53,0,benign,0.0002833558,0,0.00032579128,0
TX-E2B-0871,52.06,0,suspicious,0.0010575283,0,0.001804322,0
TX-E2B-0872,49.29,0,suspicious,0.07541147,0,0.1148104,0
TX-E2B-0873,157.49,0,poisoned,0.00032582204,0,0.0008579211,0
TX-E2B-0874,123.81,0,benign,0.00019142382,0,0.00024242832,0
TX-E2B-0875,139.34,0,poisoned,0.009264835,0,0.019218497,0
TX-E2B-0876,161.77,0,poisoned,0.00019880272,0,0.00030847747,0
TX-E2B-0877,402.49,1,benign,0.99954695,1,0.9996062,1
TX-E2B-0878,74.02,0,benign,0.00075499393,0,0.00076701934,0
TX-E2B-0879,66.79,0,benign,0.00018007711,0,0.00016272755,0
TX-E2B-0880,158.25,0,poisoned,0.0048579387,0,0.009702674,0
TX-E2B-0881,51.26,0,benign,0.00063005876,0,0.00072336115,0
TX-E2B-0882,29.36,0,benign,0.002103605,0,0.0017631616,0
TX-E2B-0883,88.47,0,poisoned,0.00444872,0,0.0035719124,0
TX-E2B-0884,17.56,0,benign,0.0019411903,0,0.0016075639,0
TX-E2B-0885,30.59,0,suspicious,0.0005314129,0,0.00024691838,0
TX-E2B-0886,312.61,0,benign,0.00060418,0,0.00061927066,0
TX-E2B-0887,59.13,0,benign,0.00012276234,0,0.00013724349,0
TX-E2B-0888,134.18,0,benign,0.00082773593,0,0.0016353063,0
TX-E2B-0889,139.8,0,suspicious,0.00040269614,0,0.0003929671,0
TX-E2B-0890,117.41,1,benign,0.99856657,1,0.9982595,1
TX-E2B-0891,154.01,0,benign,0.0011148422,0,0.001921313,0
TX-E2B-0892,29.65,0,benign,0.0002316164,0,0.00017842639,0
TX-E2B-0893,65.43,0,benign,0.0020565083,0,0.002348337,0
TX-E2B-0894,478.35,0,poisoned,0.021422362,0,0.008961576,0
TX-E2B-0895,82.99,0,benign,0.00047834808,0,0.0006573178,0
TX-E2B-0896,86.27,0,suspicious,0.003927018,0,0.016392805,0
TX-E2B-0897,53.72,0,benign,8.249912e-05,0,0.00012448968,0
TX-E2B-0898,47.99,1,suspicious,0.36364764,0,0.1867192,0
TX-E2B-0899,115.72,0,benign,8.32869e-05,0,8.326458e-05,0
TX-E2B-0900,69.17,0,benign,0.0003365406,0,0.00030509723,0
TX-E2B-0901,87.89,0,benign,5.8981717e-05,0,7.7904384e-05,0
TX-E2B-0902,117.37,0,benign,0.000108462686,0,9.9303084e-05,0
TX-E2B-0903,89.25,0,poisoned,0.00015277417,0,0.00034794916,0
TX-E2B-0904,39.34,0,suspicious,0.00011543829,0,7.869172e-05,0
TX-E2B-0905,110.18,1,poisoned,0.9968982,1,0.98968226,1
TX-E2B-0906,131.16,0,poisoned,0.00014149916,0,0.00018301827,0
TX-E2B-0907,52.71,0,benign,0.00048167954,0,0.0004645964,0
TX-E2B-0908,74.4,1,suspicious,0.18247785,0,0.068353646,0
TX-E2B-0909,56.69,0,suspicious,0.00016823148,0,0.00021337932,0
TX-E2B-0910,68.89,0,poisoned,6.707305e-05,0,7.5950156e-05,0
TX-E2B-0911,27.77,0,benign,0.00036208023,0,0.0005007961,0
TX-E2B-0912,161.36,0,poisoned,0.0004794087,0,0.0006255121,0
TX-E2B-0913,78.91,1,benign,0.98889714,1,0.9921904,1
TX-E2B-0914,42.86,0,suspicious,0.0009477911,0,0.0008489228,0
TX-E2B-0915,111.61,0,benign,0.00012083581,0,0.000119463286,0
TX-E2B-0916,40.94,0,suspicious,0.0010832389,0,0.00085104845,0
TX-E2B-0917,45.96,0,benign,0.0001128516,0,0.00012765202,0
TX-E2B-0918,27.29,0,benign,0.00015630126,0,0.00012654744,0
TX-E2B-0919,395.81,0,benign,0.00275571,0,0.0015726029,0
TX-E2B-0920,71.12,0,benign,0.00054934726,0,0.00043218487,0
TX-E2B-0921,48.05,0,poisoned,0.0004737676,0,0.00045432005,0
TX-E2B-0922,136.26,0,suspicious,0.0016005399,0,0.0027068225,0
TX-E2B-0923,44.9,1,poisoned,0.99905044,1,0.9990336,1
TX-E2B-0924,44.44,0,suspicious,0.00024018902,0,0.00017810242,0
TX-E2B-0925,78.39,0,suspicious,0.0009104034,0,0.0006263664,0
TX-E2B-0926,149.68,0,benign,0.06195126,0,0.053721208,0
TX-E2B-0927,41.11,0,benign,0.0016269394,0,0.0021380323,0
TX-E2B-0928,196.29,0,benign,0.011052723,0,0.015497621,0
TX-E2B-0929,63.02,0,benign,0.002051409,0,0.0014250238,0
TX-E2B-0930,70.57,0,benign,0.0035703818,0,0.0045892783,0
TX-E2B-0931,453.06,1,benign,0.9997485,1,0.9997054,1
TX-E2B-0932,33.56,0,benign,0.00013407886,0,0.00016367807,0
TX-E2B-0933,152.53,0,suspicious,0.0006673809,0,0.0011002226,0
TX-E2B-0934,85.08,0,suspicious,0.0017443848,0,0.0021439367,0
TX-E2B-0935,48.47,0,poisoned,0.0008975326,0,0.0019413364,0
TX-E2B-0936,49.94,0,benign,0.00018397937,0,0.00018948512,0
TX-E2B-0937,65.19,0,suspicious,0.0011770199,0,0.0005287661,0
TX-E2B-0938,37.26,0,poisoned,0.00077261846,0,0.00066140614,0
TX-E2B-0939,174.92,0,benign,0.00032827587,0,0.00029663736,0
TX-E2B-0940,48.8,0,benign,0.00069161365,0,0.0006829623,0
TX-E2B-0941,90.09,0,poisoned,0.0002834463,0,0.00018163602,0
TX-E2B-0942,221.64,0,benign,0.0036848409,0,0.0045603006,0
TX-E2B-0943,33.27,0,benign,0.007840094,0,0.004256391,0
TX-E2B-0944,26.22,0,benign,0.00033536786,0,0.00025380575,0
TX-E2B-0945,43.53,0,benign,0.001482198,0,0.0025081711,0
TX-E2B-0946,20.22,0,suspicious,0.011598094,0,0.010778907,0
TX-E2B-0947,69.84,0,benign,0.00011310639,0,0.00014383448,0
TX-E2B-0948,65.37,0,suspicious,0.00068879547,0,0.00073036726,0
TX-E2B-0949,53.38,0,suspicious,0.00081620435,0,0.0006300519,0
TX-E2B-0950,76.43,0,suspicious,0.00022600924,0,0.00015775363,0
TX-E2B-0951,53.24,0,poisoned,0.00040717196,0,0.00034705107,0
TX-E2B-0952,138.81,0,benign,0.00058925035,0,0.00046841713,0
TX-E2B-0953,8.61,0,benign,0.00024718881,0,0.00024162067,0
TX-E2B-0954,7.61,1,benign,0.99919623,1,0.9986972,1
TX-E2B-0955,111.8,1,suspicious,0.99775946,1,0.9980726,1
TX-E2B-0956,119.77,0,suspicious,0.0028554723,0,0.0051450706,0
TX-E2B-0957,95.68,0,benign,7.1721224e-05,0,9.36227e-05,0
TX-E2B-0958,501.05,0,benign,0.0032470636,0,0.0055327187,0
TX-E2B-0959,29.28,0,benign,0.0019629344,0,0.002851551,0
TX-E2B-0960,30.31,0,benign,0.21769717,0,0.08054037,0
TX-E2B-0961,320.15,1,suspicious,0.9983518,1,0.99818146,1
TX-E2B-0962,70.84,0,benign,0.00039821767,0,0.00043155393,0
TX-E2B-0963,117.83,0,poisoned,0.00019491812,0,0.00025941536,0
TX-E2B-0964,71.09,0,poisoned,8.082731e-05,0,6.370783e-05,0
TX-E2B-0965,50.96,0,poisoned,0.0004239005,0,0.00043514415,0
TX-E2B-0966,35.17,0,benign,0.0056434576,0,0.0089052925,0
TX-E2B-0967,17.46,0,benign,0.0033873194,0,0.0050138705,0
TX-E2B-0968,47.61,1,suspicious,0.9416002,1,0.9573877,1
TX-E2B-0969,131.25,1,benign,0.99239254,1,0.99620503,1
TX-E2B-0970,40.37,0,benign,0.0005062353,0,0.0003887057,0
TX-E2B-0971,450.72,1,poisoned,0.9889453,1,0.98633856,1
TX-E2B-0972,69.41,0,poisoned,0.00046103552,0,0.0003078135,0
TX-E2B-0973,94.2,1,benign,0.9996458,1,0.99976116,1
TX-E2B-0974,66.85,0,suspicious,0.00017911778,0,0.0001959499,0
TX-E2B-0975,61.72,0,benign,0.00016793914,0,0.00019931156,0
TX-E2B-0976,37.72,0,poisoned,0.001283913,0,0.0015500113,0
TX-E2B-0977,293.52,0,suspicious,0.00042390436,0,0.00033884344,0
TX-E2B-0978,54.67,0,benign,0.00012281715,0,0.00016080397,0
TX-E2B-0979,84.27,0,poisoned,0.0041630007,0,0.004705455,0
TX-E2B-0980,60.69,0,suspicious,0.00048667507,0,0.00037303488,0
TX-E2B-0981,183.06,0,poisoned,0.0001710986,0,0.0003408577,0
TX-E2B-0982,93.11,0,poisoned,0.68133515,1,0.6641755,1
TX-E2B-0983,87.73,0,benign,0.0023796628,0,0.001864359,0
TX-E2B-0984,58.61,0,benign,0.0018862529,0,0.000974566,0
TX-E2B-0985,37.08,0,suspicious,0.0001251654,0,0.00011330869,0
TX-E2B-0986,58.71,0,suspicious,0.0021226318,0,0.0022850654,0
TX-E2B-0987,109.76,1,benign,0.96448165,1,0.9500174,1
TX-E2B-0988,214.68,0,benign,0.00019147676,0,0.00029308684,0
TX-E2B-0989,47.85,0,benign,0.0036790352,0,0.002854063,0
TX-E2B-0990,94.86,0,benign,9.2475784e-05,0,0.00011412989,0
TX-E2B-0991,40.69,0,suspicious,0.008311498,0,0.0045545697,0
TX-E2B-0992,35.82,0,benign,0.00017285944,0,0.00021261167,0
TX-E2B-0993,146.8,0,benign,0.0012677641,0,0.0017121172,0
TX-E2B-0994,54.68,0,suspicious,0.0014088751,0,0.0010885793,0
TX-E2B-0995,62.97,0,benign,9.386013e-05,0,0.000103181104,0
TX-E2B-0996,283.59,0,benign,9.2908194e-05,0,0.00012317169,0
TX-E2B-0997,45.01,0,benign,0.0010808232,0,0.00075782574,0
TX-E2B-0998,92.88,0,suspicious,0.0001474156,0,0.00010242001,0
TX-E2B-0999,29.41,0,benign,0.0001754713,0,0.00020645042,0
TX-E2B-1000,229.98,0,benign,6.647526e-05,0,7.393798e-05,0
