stream,system,slice,total_samples,total_fraud,total_legit,accepted_count,blocked_count,abstained_count,true_positives,false_positives,true_negatives,false_negatives,coverage,abstention_rate,observed_fnr,selective_fnr,false_omission_rate,precision,recall,f1,fpr,first_alarm_batch,detection_delay,total_alarms
E1_no_drift,System_A_Static,pre_drift,1000,50,950,921,34,45,29,5,911,10,0.955,0.045,0.2,0.2564,0.0109,0.8529,0.58,0.7945,0.0053,,,0
E1_no_drift,System_A_Static,post_drift,1000,50,950,914,54,32,41,13,910,4,0.968,0.032,0.08,0.0889,0.0044,0.7593,0.82,0.8283,0.0137,,,0
E1_no_drift,System_A_Static,overall,2000,100,1900,1835,88,77,70,18,1821,14,0.9615,0.0385,0.14,0.1667,0.0076,0.7955,0.7,0.814,0.0095,,,0
E1_no_drift,System_B_Oracle,pre_drift,1000,50,950,921,34,45,29,5,911,10,0.955,0.045,0.2,0.2564,0.0109,0.8529,0.58,0.7945,0.0053,,,0
E1_no_drift,System_B_Oracle,post_drift,1000,50,950,914,54,32,41,13,910,4,0.968,0.032,0.08,0.0889,0.0044,0.7593,0.82,0.8283,0.0137,,,0
E1_no_drift,System_B_Oracle,overall,2000,100,1900,1835,88,77,70,18,1821,14,0.9615,0.0385,0.14,0.1667,0.0076,0.7955,0.7,0.814,0.0095,,,0
E1_no_drift,System_C_DriftAware,pre_drift,1000,50,950,921,34,45,29,5,911,10,0.955,0.045,0.2,0.2564,0.0109,0.8529,0.58,0.7945,0.0053,,,0
E1_no_drift,System_C_DriftAware,post_drift,1000,50,950,914,54,32,41,13,910,4,0.968,0.032,0.08,0.0889,0.0044,0.7593,0.82,0.8283,0.0137,,,0
E1_no_drift,System_C_DriftAware,overall,2000,100,1900,1835,88,77,70,18,1821,14,0.9615,0.0385,0.14,0.1667,0.0076,0.7955,0.7,0.814,0.0095,,,0
E2_abrupt_drift,System_A_Static,pre_drift,1000,50,950,921,43,36,37,6,912,9,0.964,0.036,0.18,0.1957,0.0098,0.8605,0.74,0.8315,0.0063,13.0,2.0,8
E2_abrupt_drift,System_A_Static,post_drift,1000,250,750,761,167,72,166,1,723,38,0.928,0.072,0.152,0.1863,0.0499,0.994,0.664,0.8949,0.0013,13.0,2.0,8
E2_abrupt_drift,System_A_Static,overall,2000,300,1700,1682,210,108,203,7,1635,47,0.946,0.054,0.1567,0.188,0.0279,0.9667,0.6767,0.8826,0.0041,13.0,2.0,8
E2_abrupt_drift,System_B_Oracle,pre_drift,1000,50,950,921,43,36,37,6,912,9,0.964,0.036,0.18,0.1957,0.0098,0.8605,0.74,0.8315,0.0063,13.0,2.0,8
E2_abrupt_drift,System_B_Oracle,post_drift,1000,250,750,742,167,91,166,1,713,29,0.909,0.091,0.116,0.1487,0.0391,0.994,0.664,0.9171,0.0013,13.0,2.0,8
E2_abrupt_drift,System_B_Oracle,overall,2000,300,1700,1663,210,127,203,7,1625,38,0.9365,0.0635,0.1267,0.1577,0.0229,0.9667,0.6767,0.9002,0.0041,13.0,2.0,8
E2_abrupt_drift,System_C_DriftAware,pre_drift,1000,50,950,921,43,36,37,6,912,9,0.964,0.036,0.18,0.1957,0.0098,0.8605,0.74,0.8315,0.0063,13.0,2.0,8
E2_abrupt_drift,System_C_DriftAware,post_drift,1000,250,750,707,167,126,166,1,685,22,0.874,0.126,0.088,0.117,0.0311,0.994,0.664,0.9352,0.0013,13.0,2.0,8
E2_abrupt_drift,System_C_DriftAware,overall,2000,300,1700,1628,210,162,203,7,1597,31,0.919,0.081,0.1033,0.1325,0.019,0.9667,0.6767,0.9144,0.0041,13.0,2.0,8
E3_gradual_drift,System_A_Static,pre_drift,1000,75,925,892,63,45,56,7,884,8,0.955,0.045,0.1067,0.125,0.009,0.8889,0.7467,0.8819,0.0076,12.0,,8
E3_gradual_drift,System_A_Static,post_drift,1000,215,785,791,149,60,144,5,757,34,0.94,0.06,0.1581,0.191,0.043,0.9664,0.6698,0.8807,0.0064,12.0,,8
E3_gradual_drift,System_A_Static,overall,2000,290,1710,1683,212,105,200,12,1641,42,0.9475,0.0525,0.1448,0.1736,0.025,0.9434,0.6897,0.8811,0.007,12.0,,8
E3_gradual_drift,System_B_Oracle,pre_drift,1000,75,925,892,63,45,56,7,884,8,0.955,0.045,0.1067,0.125,0.009,0.8889,0.7467,0.8819,0.0076,12.0,,8
E3_gradual_drift,System_B_Oracle,post_drift,1000,215,785,791,149,60,144,5,757,34,0.94,0.06,0.1581,0.191,0.043,0.9664,0.6698,0.8807,0.0064,12.0,,8
E3_gradual_drift,System_B_Oracle,overall,2000,290,1710,1683,212,105,200,12,1641,42,0.9475,0.0525,0.1448,0.1736,0.025,0.9434,0.6897,0.8811,0.007,12.0,,8
E3_gradual_drift,System_C_DriftAware,pre_drift,1000,75,925,892,63,45,56,7,884,8,0.955,0.045,0.1067,0.125,0.009,0.8889,0.7467,0.8819,0.0076,12.0,,8
E3_gradual_drift,System_C_DriftAware,post_drift,1000,215,785,751,149,100,144,5,729,22,0.9,0.1,0.1023,0.1325,0.0293,0.9664,0.6698,0.9143,0.0064,12.0,,8
E3_gradual_drift,System_C_DriftAware,overall,2000,290,1710,1643,212,145,200,12,1613,30,0.9275,0.0725,0.1034,0.1304,0.0183,0.9434,0.6897,0.905,0.007,12.0,,8
E4_adversarial_gen2_drift,System_A_Static,pre_drift,1000,50,950,932,40,28,36,4,922,10,0.972,0.028,0.2,0.2174,0.0107,0.9,0.72,0.8372,0.0042,14.0,3.0,5
E4_adversarial_gen2_drift,System_A_Static,post_drift,1000,200,800,796,131,73,129,2,768,28,0.927,0.073,0.14,0.1783,0.0352,0.9847,0.645,0.8958,0.0025,14.0,3.0,5
E4_adversarial_gen2_drift,System_A_Static,overall,2000,250,1750,1728,171,101,165,6,1690,38,0.9495,0.0505,0.152,0.1872,0.022,0.9649,0.66,0.8824,0.0034,14.0,3.0,5
E4_adversarial_gen2_drift,System_B_Oracle,pre_drift,1000,50,950,932,40,28,36,4,922,10,0.972,0.028,0.2,0.2174,0.0107,0.9,0.72,0.8372,0.0042,14.0,3.0,5
E4_adversarial_gen2_drift,System_B_Oracle,post_drift,1000,200,800,761,131,108,129,2,746,15,0.892,0.108,0.075,0.1042,0.0197,0.9847,0.645,0.9382,0.0025,14.0,3.0,5
E4_adversarial_gen2_drift,System_B_Oracle,overall,2000,250,1750,1693,171,136,165,6,1668,25,0.932,0.068,0.1,0.1316,0.0148,0.9649,0.66,0.9141,0.0034,14.0,3.0,5
E4_adversarial_gen2_drift,System_C_DriftAware,pre_drift,1000,50,950,932,40,28,36,4,922,10,0.972,0.028,0.2,0.2174,0.0107,0.9,0.72,0.8372,0.0042,14.0,3.0,5
E4_adversarial_gen2_drift,System_C_DriftAware,post_drift,1000,200,800,750,131,119,129,2,736,14,0.881,0.119,0.07,0.0979,0.0187,0.9847,0.645,0.9416,0.0025,14.0,3.0,5
E4_adversarial_gen2_drift,System_C_DriftAware,overall,2000,250,1750,1682,171,147,165,6,1658,24,0.9265,0.0735,0.096,0.127,0.0143,0.9649,0.66,0.9167,0.0034,14.0,3.0,5
