dataset,model,features,accuracy,accuracy_ci,precision,precision_ci,recall,recall_ci,f1,roc_auc,pr_auc,fpr,fpr_ci,fnr,fnr_ci,false_negatives,false_positives,true_positives,true_negatives,total,actual_fraud,actual_legit
E2-B_InDistribution,Model_A_TxOnly,20,0.986,"[0.9766, 0.9916]",0.9595,"[0.9144, 0.9813]",0.9467,"[0.8983, 0.9727]",0.953,0.9952,0.9871,0.0071,"[0.0032, 0.0153]",0.0533,"[0.0273, 0.1017]",8,6,142,844,1000,150,850
E2-B_InDistribution,Model_B_TxProv,30,0.986,"[0.9766, 0.9916]",0.9595,"[0.9144, 0.9813]",0.9467,"[0.8983, 0.9727]",0.953,0.9956,0.9865,0.0071,"[0.0032, 0.0153]",0.0533,"[0.0273, 0.1017]",8,6,142,844,1000,150,850
E2-B_InDistribution,Ablation_B1_Count,21,0.985,"[0.9754, 0.9909]",0.9592,"[0.9138, 0.9812]",0.94,"[0.8899, 0.9681]",0.9495,0.9956,0.9873,0.0071,"[0.0032, 0.0153]",0.06,"[0.0319, 0.1101]",9,6,141,844,1000,150,850
E2-B_InDistribution,Ablation_B2_Structural,25,0.986,"[0.9766, 0.9916]",0.9595,"[0.9144, 0.9813]",0.9467,"[0.8983, 0.9727]",0.953,0.9954,0.9864,0.0071,"[0.0032, 0.0153]",0.0533,"[0.0273, 0.1017]",8,6,142,844,1000,150,850
E2-C_DistributionShift,Model_A_TxOnly,20,0.983,"[0.9763, 0.9878]",0.9463,"[0.9146, 0.9667]",0.94,"[0.9072, 0.9617]",0.9431,0.9965,0.9848,0.0094,"[0.0058, 0.0152]",0.06,"[0.0383, 0.0928]",18,16,282,1684,2000,300,1700
E2-C_DistributionShift,Model_B_TxProv,30,0.981,"[0.974, 0.9861]",0.9456,"[0.9134, 0.9662]",0.9267,"[0.8915, 0.9511]",0.936,0.9959,0.9844,0.0094,"[0.0058, 0.0152]",0.0733,"[0.0489, 0.1085]",22,16,278,1684,2000,300,1700
E2-C_DistributionShift,Ablation_B1_Count,21,0.983,"[0.9763, 0.9878]",0.9463,"[0.9146, 0.9667]",0.94,"[0.9072, 0.9617]",0.9431,0.9967,0.9857,0.0094,"[0.0058, 0.0152]",0.06,"[0.0383, 0.0928]",18,16,282,1684,2000,300,1700
E2-C_DistributionShift,Ablation_B2_Structural,25,0.9825,"[0.9758, 0.9874]",0.9461,"[0.9143, 0.9666]",0.9367,"[0.9032, 0.9591]",0.9414,0.9961,0.9843,0.0094,"[0.0058, 0.0152]",0.0633,"[0.0409, 0.0968]",19,16,281,1684,2000,300,1700
E2-D_PoisoningStress,Model_A_TxOnly,20,0.973,"[0.961, 0.9814]",0.9896,"[0.976, 0.9956]",0.956,"[0.9343, 0.9708]",0.9725,0.9947,0.9959,0.01,"[0.0043, 0.0232]",0.044,"[0.0292, 0.0657]",22,5,478,495,1000,500,500
E2-D_PoisoningStress,Model_B_TxProv,30,0.978,"[0.9669, 0.9854]",0.9918,"[0.979, 0.9968]",0.964,"[0.9438, 0.9771]",0.9777,0.9945,0.9958,0.008,"[0.0031, 0.0204]",0.036,"[0.0229, 0.0562]",18,4,482,496,1000,500,500
E2-D_PoisoningStress,Ablation_B1_Count,21,0.974,"[0.9622, 0.9822]",0.9897,"[0.976, 0.9956]",0.958,"[0.9366, 0.9724]",0.9736,0.9946,0.996,0.01,"[0.0043, 0.0232]",0.042,"[0.0276, 0.0634]",21,5,479,495,1000,500,500
E2-D_PoisoningStress,Ablation_B2_Structural,25,0.976,"[0.9645, 0.9838]",0.9917,"[0.9789, 0.9968]",0.96,"[0.939, 0.974]",0.9756,0.9945,0.9959,0.008,"[0.0031, 0.0204]",0.04,"[0.026, 0.061]",20,4,480,496,1000,500,500
E2-E_LowPrevalence,Model_A_TxOnly,20,0.988,"[0.9791, 0.9931]",0.9423,"[0.894, 0.9694]",0.98,"[0.9429, 0.9932]",0.9608,0.9993,0.9962,0.0106,"[0.0056, 0.02]",0.02,"[0.0068, 0.0571]",3,9,147,841,1000,150,850
E2-E_LowPrevalence,Model_B_TxProv,30,0.985,"[0.9754, 0.9909]",0.9245,"[0.8727, 0.9563]",0.98,"[0.9429, 0.9932]",0.9515,0.9992,0.9952,0.0141,"[0.0081, 0.0245]",0.02,"[0.0068, 0.0571]",3,12,147,838,1000,150,850
