dataset,model,tau_accept,coverage,abstention_rate,false_omission_rate,observed_fnr,accepted_count,false_negatives
E2-B,Model_A_TxOnly,0.01,0.916,0.084,0.0,0.0,399,0
E2-B,Model_A_TxOnly,0.018,0.934,0.066,0.0,0.0,408,0
E2-B,Model_A_TxOnly,0.0259,0.946,0.054,0.0,0.0,414,0
E2-B,Model_A_TxOnly,0.0339,0.948,0.052,0.0,0.0,415,0
E2-B,Model_A_TxOnly,0.0418,0.95,0.05,0.0,0.0,416,0
E2-B,Model_A_TxOnly,0.0498,0.95,0.05,0.0,0.0,416,0
E2-B,Model_A_TxOnly,0.0578,0.952,0.048,0.0024,0.0156,417,1
E2-B,Model_A_TxOnly,0.0657,0.958,0.042,0.0024,0.0156,420,1
E2-B,Model_A_TxOnly,0.0737,0.964,0.036,0.0024,0.0156,423,1
E2-B,Model_A_TxOnly,0.0816,0.968,0.032,0.0024,0.0156,425,1
E2-B,Model_A_TxOnly,0.0896,0.968,0.032,0.0024,0.0156,425,1
E2-B,Model_A_TxOnly,0.0976,0.97,0.03,0.0023,0.0156,426,1
E2-B,Model_A_TxOnly,0.1055,0.97,0.03,0.0023,0.0156,426,1
E2-B,Model_A_TxOnly,0.1135,0.97,0.03,0.0023,0.0156,426,1
E2-B,Model_A_TxOnly,0.1214,0.972,0.028,0.0023,0.0156,427,1
E2-B,Model_A_TxOnly,0.1294,0.972,0.028,0.0023,0.0156,427,1
E2-B,Model_A_TxOnly,0.1373,0.972,0.028,0.0023,0.0156,427,1
E2-B,Model_A_TxOnly,0.1453,0.972,0.028,0.0023,0.0156,427,1
E2-B,Model_A_TxOnly,0.1533,0.974,0.026,0.0023,0.0156,428,1
E2-B,Model_A_TxOnly,0.1612,0.976,0.024,0.0023,0.0156,429,1
E2-B,Model_A_TxOnly,0.1692,0.976,0.024,0.0023,0.0156,429,1
E2-B,Model_A_TxOnly,0.1771,0.976,0.024,0.0023,0.0156,429,1
E2-B,Model_A_TxOnly,0.1851,0.978,0.022,0.0047,0.0312,430,2
E2-B,Model_A_TxOnly,0.1931,0.978,0.022,0.0047,0.0312,430,2
E2-B,Model_A_TxOnly,0.201,0.98,0.02,0.0046,0.0312,431,2
E2-B,Model_A_TxOnly,0.209,0.982,0.018,0.0046,0.0312,432,2
E2-B,Model_A_TxOnly,0.2169,0.982,0.018,0.0046,0.0312,432,2
E2-B,Model_A_TxOnly,0.2249,0.984,0.016,0.0046,0.0312,433,2
E2-B,Model_A_TxOnly,0.2329,0.988,0.012,0.0046,0.0312,435,2
E2-B,Model_A_TxOnly,0.2408,0.988,0.012,0.0046,0.0312,435,2
E2-B,Model_A_TxOnly,0.2488,0.988,0.012,0.0046,0.0312,435,2
E2-B,Model_A_TxOnly,0.2567,0.988,0.012,0.0046,0.0312,435,2
E2-B,Model_A_TxOnly,0.2647,0.988,0.012,0.0046,0.0312,435,2
E2-B,Model_A_TxOnly,0.2727,0.988,0.012,0.0046,0.0312,435,2
E2-B,Model_A_TxOnly,0.2806,0.988,0.012,0.0046,0.0312,435,2
E2-B,Model_A_TxOnly,0.2886,0.988,0.012,0.0046,0.0312,435,2
E2-B,Model_A_TxOnly,0.2965,0.988,0.012,0.0046,0.0312,435,2
E2-B,Model_A_TxOnly,0.3045,0.988,0.012,0.0046,0.0312,435,2
E2-B,Model_A_TxOnly,0.3124,0.988,0.012,0.0046,0.0312,435,2
E2-B,Model_A_TxOnly,0.3204,0.988,0.012,0.0046,0.0312,435,2
E2-B,Model_A_TxOnly,0.3284,0.988,0.012,0.0046,0.0312,435,2
E2-B,Model_A_TxOnly,0.3363,0.988,0.012,0.0046,0.0312,435,2
E2-B,Model_A_TxOnly,0.3443,0.988,0.012,0.0046,0.0312,435,2
E2-B,Model_A_TxOnly,0.3522,0.988,0.012,0.0046,0.0312,435,2
E2-B,Model_A_TxOnly,0.3602,0.988,0.012,0.0046,0.0312,435,2
E2-B,Model_A_TxOnly,0.3682,0.99,0.01,0.0069,0.0469,436,3
E2-B,Model_A_TxOnly,0.3761,0.99,0.01,0.0069,0.0469,436,3
E2-B,Model_A_TxOnly,0.3841,0.99,0.01,0.0069,0.0469,436,3
E2-B,Model_A_TxOnly,0.392,0.99,0.01,0.0069,0.0469,436,3
E2-B,Model_A_TxOnly,0.4,0.99,0.01,0.0069,0.0469,436,3
E2-B,Model_B_TxProv,0.01,0.902,0.098,0.0,0.0,392,0
E2-B,Model_B_TxProv,0.018,0.928,0.072,0.0,0.0,405,0
E2-B,Model_B_TxProv,0.0259,0.936,0.064,0.0,0.0,409,0
E2-B,Model_B_TxProv,0.0339,0.944,0.056,0.0,0.0,413,0
E2-B,Model_B_TxProv,0.0418,0.954,0.046,0.0024,0.0156,418,1
E2-B,Model_B_TxProv,0.0498,0.962,0.038,0.0024,0.0156,422,1
E2-B,Model_B_TxProv,0.0578,0.964,0.036,0.0024,0.0156,423,1
E2-B,Model_B_TxProv,0.0657,0.968,0.032,0.0024,0.0156,425,1
E2-B,Model_B_TxProv,0.0737,0.972,0.028,0.0047,0.0312,427,2
E2-B,Model_B_TxProv,0.0816,0.974,0.026,0.0047,0.0312,428,2
E2-B,Model_B_TxProv,0.0896,0.976,0.024,0.0047,0.0312,429,2
E2-B,Model_B_TxProv,0.0976,0.976,0.024,0.0047,0.0312,429,2
E2-B,Model_B_TxProv,0.1055,0.976,0.024,0.0047,0.0312,429,2
E2-B,Model_B_TxProv,0.1135,0.976,0.024,0.0047,0.0312,429,2
E2-B,Model_B_TxProv,0.1214,0.978,0.022,0.0047,0.0312,430,2
E2-B,Model_B_TxProv,0.1294,0.978,0.022,0.0047,0.0312,430,2
E2-B,Model_B_TxProv,0.1373,0.98,0.02,0.0046,0.0312,431,2
E2-B,Model_B_TxProv,0.1453,0.98,0.02,0.0046,0.0312,431,2
E2-B,Model_B_TxProv,0.1533,0.98,0.02,0.0046,0.0312,431,2
E2-B,Model_B_TxProv,0.1612,0.98,0.02,0.0046,0.0312,431,2
E2-B,Model_B_TxProv,0.1692,0.98,0.02,0.0046,0.0312,431,2
E2-B,Model_B_TxProv,0.1771,0.98,0.02,0.0046,0.0312,431,2
E2-B,Model_B_TxProv,0.1851,0.982,0.018,0.0046,0.0312,432,2
E2-B,Model_B_TxProv,0.1931,0.984,0.016,0.0069,0.0469,433,3
E2-B,Model_B_TxProv,0.201,0.984,0.016,0.0069,0.0469,433,3
E2-B,Model_B_TxProv,0.209,0.984,0.016,0.0069,0.0469,433,3
E2-B,Model_B_TxProv,0.2169,0.984,0.016,0.0069,0.0469,433,3
E2-B,Model_B_TxProv,0.2249,0.984,0.016,0.0069,0.0469,433,3
E2-B,Model_B_TxProv,0.2329,0.984,0.016,0.0069,0.0469,433,3
E2-B,Model_B_TxProv,0.2408,0.984,0.016,0.0069,0.0469,433,3
E2-B,Model_B_TxProv,0.2488,0.984,0.016,0.0069,0.0469,433,3
E2-B,Model_B_TxProv,0.2567,0.984,0.016,0.0069,0.0469,433,3
E2-B,Model_B_TxProv,0.2647,0.984,0.016,0.0069,0.0469,433,3
E2-B,Model_B_TxProv,0.2727,0.984,0.016,0.0069,0.0469,433,3
E2-B,Model_B_TxProv,0.2806,0.984,0.016,0.0069,0.0469,433,3
E2-B,Model_B_TxProv,0.2886,0.984,0.016,0.0069,0.0469,433,3
E2-B,Model_B_TxProv,0.2965,0.984,0.016,0.0069,0.0469,433,3
E2-B,Model_B_TxProv,0.3045,0.986,0.014,0.0069,0.0469,434,3
E2-B,Model_B_TxProv,0.3124,0.986,0.014,0.0069,0.0469,434,3
E2-B,Model_B_TxProv,0.3204,0.986,0.014,0.0069,0.0469,434,3
E2-B,Model_B_TxProv,0.3284,0.986,0.014,0.0069,0.0469,434,3
E2-B,Model_B_TxProv,0.3363,0.986,0.014,0.0069,0.0469,434,3
E2-B,Model_B_TxProv,0.3443,0.986,0.014,0.0069,0.0469,434,3
E2-B,Model_B_TxProv,0.3522,0.986,0.014,0.0069,0.0469,434,3
E2-B,Model_B_TxProv,0.3602,0.986,0.014,0.0069,0.0469,434,3
E2-B,Model_B_TxProv,0.3682,0.988,0.012,0.0069,0.0469,435,3
E2-B,Model_B_TxProv,0.3761,0.988,0.012,0.0069,0.0469,435,3
E2-B,Model_B_TxProv,0.3841,0.988,0.012,0.0069,0.0469,435,3
E2-B,Model_B_TxProv,0.392,0.988,0.012,0.0069,0.0469,435,3
E2-B,Model_B_TxProv,0.4,0.988,0.012,0.0069,0.0469,435,3
E2-C,Model_A_TxOnly,0.01,0.8935,0.1065,0.0007,0.0033,1518,1
E2-C,Model_A_TxOnly,0.018,0.922,0.078,0.0019,0.01,1575,3
E2-C,Model_A_TxOnly,0.0259,0.9325,0.0675,0.0025,0.0133,1596,4
E2-C,Model_A_TxOnly,0.0339,0.9405,0.0595,0.0025,0.0133,1612,4
E2-C,Model_A_TxOnly,0.0418,0.944,0.056,0.0025,0.0133,1619,4
E2-C,Model_A_TxOnly,0.0498,0.9475,0.0525,0.0031,0.0167,1626,5
E2-C,Model_A_TxOnly,0.0578,0.95,0.05,0.0031,0.0167,1631,5
E2-C,Model_A_TxOnly,0.0657,0.953,0.047,0.0043,0.0233,1637,7
E2-C,Model_A_TxOnly,0.0737,0.955,0.045,0.0049,0.0267,1641,8
E2-C,Model_A_TxOnly,0.0816,0.957,0.043,0.0055,0.03,1645,9
E2-C,Model_A_TxOnly,0.0896,0.957,0.043,0.0055,0.03,1645,9
E2-C,Model_A_TxOnly,0.0976,0.9615,0.0385,0.0067,0.0367,1654,11
E2-C,Model_A_TxOnly,0.1055,0.962,0.038,0.0066,0.0367,1655,11
E2-C,Model_A_TxOnly,0.1135,0.963,0.037,0.0066,0.0367,1657,11
E2-C,Model_A_TxOnly,0.1214,0.9655,0.0345,0.0078,0.0433,1662,13
E2-C,Model_A_TxOnly,0.1294,0.968,0.032,0.0084,0.0467,1667,14
E2-C,Model_A_TxOnly,0.1373,0.9705,0.0295,0.009,0.05,1672,15
E2-C,Model_A_TxOnly,0.1453,0.971,0.029,0.009,0.05,1673,15
E2-C,Model_A_TxOnly,0.1533,0.972,0.028,0.009,0.05,1675,15
E2-C,Model_A_TxOnly,0.1612,0.972,0.028,0.009,0.05,1675,15
E2-C,Model_A_TxOnly,0.1692,0.9725,0.0275,0.0089,0.05,1676,15
E2-C,Model_A_TxOnly,0.1771,0.974,0.026,0.0089,0.05,1679,15
E2-C,Model_A_TxOnly,0.1851,0.9745,0.0255,0.0095,0.0533,1680,16
E2-C,Model_A_TxOnly,0.1931,0.9755,0.0245,0.0095,0.0533,1682,16
E2-C,Model_A_TxOnly,0.201,0.9765,0.0235,0.0095,0.0533,1684,16
E2-C,Model_A_TxOnly,0.209,0.978,0.022,0.0101,0.0567,1687,17
E2-C,Model_A_TxOnly,0.2169,0.979,0.021,0.0101,0.0567,1689,17
E2-C,Model_A_TxOnly,0.2249,0.979,0.021,0.0101,0.0567,1689,17
E2-C,Model_A_TxOnly,0.2329,0.9795,0.0205,0.0101,0.0567,1690,17
E2-C,Model_A_TxOnly,0.2408,0.9795,0.0205,0.0101,0.0567,1690,17
E2-C,Model_A_TxOnly,0.2488,0.9795,0.0205,0.0101,0.0567,1690,17
E2-C,Model_A_TxOnly,0.2567,0.9795,0.0205,0.0101,0.0567,1690,17
E2-C,Model_A_TxOnly,0.2647,0.9795,0.0205,0.0101,0.0567,1690,17
E2-C,Model_A_TxOnly,0.2727,0.98,0.02,0.0106,0.06,1691,18
E2-C,Model_A_TxOnly,0.2806,0.98,0.02,0.0106,0.06,1691,18
E2-C,Model_A_TxOnly,0.2886,0.98,0.02,0.0106,0.06,1691,18
E2-C,Model_A_TxOnly,0.2965,0.98,0.02,0.0106,0.06,1691,18
E2-C,Model_A_TxOnly,0.3045,0.9805,0.0195,0.0106,0.06,1692,18
E2-C,Model_A_TxOnly,0.3124,0.9805,0.0195,0.0106,0.06,1692,18
E2-C,Model_A_TxOnly,0.3204,0.9805,0.0195,0.0106,0.06,1692,18
E2-C,Model_A_TxOnly,0.3284,0.981,0.019,0.0106,0.06,1693,18
E2-C,Model_A_TxOnly,0.3363,0.981,0.019,0.0106,0.06,1693,18
E2-C,Model_A_TxOnly,0.3443,0.9815,0.0185,0.0106,0.06,1694,18
E2-C,Model_A_TxOnly,0.3522,0.982,0.018,0.0106,0.06,1695,18
E2-C,Model_A_TxOnly,0.3602,0.982,0.018,0.0106,0.06,1695,18
E2-C,Model_A_TxOnly,0.3682,0.982,0.018,0.0106,0.06,1695,18
E2-C,Model_A_TxOnly,0.3761,0.9825,0.0175,0.0106,0.06,1696,18
E2-C,Model_A_TxOnly,0.3841,0.9825,0.0175,0.0106,0.06,1696,18
E2-C,Model_A_TxOnly,0.392,0.983,0.017,0.0106,0.06,1697,18
E2-C,Model_A_TxOnly,0.4,0.983,0.017,0.0106,0.06,1697,18
E2-C,Model_B_TxProv,0.01,0.888,0.112,0.0007,0.0033,1509,1
E2-C,Model_B_TxProv,0.018,0.917,0.083,0.0013,0.0067,1567,2
E2-C,Model_B_TxProv,0.0259,0.9275,0.0725,0.0025,0.0133,1588,4
E2-C,Model_B_TxProv,0.0339,0.9355,0.0645,0.0025,0.0133,1604,4
E2-C,Model_B_TxProv,0.0418,0.941,0.059,0.0025,0.0133,1615,4
E2-C,Model_B_TxProv,0.0498,0.9455,0.0545,0.0031,0.0167,1624,5
E2-C,Model_B_TxProv,0.0578,0.9485,0.0515,0.0037,0.02,1630,6
E2-C,Model_B_TxProv,0.0657,0.951,0.049,0.0037,0.02,1635,6
E2-C,Model_B_TxProv,0.0737,0.952,0.048,0.0043,0.0233,1637,7
E2-C,Model_B_TxProv,0.0816,0.954,0.046,0.0049,0.0267,1641,8
E2-C,Model_B_TxProv,0.0896,0.957,0.043,0.0061,0.0333,1647,10
E2-C,Model_B_TxProv,0.0976,0.9585,0.0415,0.0061,0.0333,1650,10
E2-C,Model_B_TxProv,0.1055,0.9595,0.0405,0.0061,0.0333,1652,10
E2-C,Model_B_TxProv,0.1135,0.9615,0.0385,0.006,0.0333,1656,10
E2-C,Model_B_TxProv,0.1214,0.9635,0.0365,0.006,0.0333,1660,10
E2-C,Model_B_TxProv,0.1294,0.964,0.036,0.0066,0.0367,1661,11
E2-C,Model_B_TxProv,0.1373,0.967,0.033,0.0084,0.0467,1667,14
E2-C,Model_B_TxProv,0.1453,0.969,0.031,0.009,0.05,1671,15
E2-C,Model_B_TxProv,0.1533,0.9705,0.0295,0.009,0.05,1674,15
E2-C,Model_B_TxProv,0.1612,0.973,0.027,0.0089,0.05,1679,15
E2-C,Model_B_TxProv,0.1692,0.9735,0.0265,0.0089,0.05,1680,15
E2-C,Model_B_TxProv,0.1771,0.974,0.026,0.0089,0.05,1681,15
E2-C,Model_B_TxProv,0.1851,0.974,0.026,0.0089,0.05,1681,15
E2-C,Model_B_TxProv,0.1931,0.9745,0.0255,0.0089,0.05,1682,15
E2-C,Model_B_TxProv,0.201,0.9745,0.0255,0.0089,0.05,1682,15
E2-C,Model_B_TxProv,0.209,0.975,0.025,0.0089,0.05,1683,15
E2-C,Model_B_TxProv,0.2169,0.976,0.024,0.0089,0.05,1685,15
E2-C,Model_B_TxProv,0.2249,0.976,0.024,0.0089,0.05,1685,15
E2-C,Model_B_TxProv,0.2329,0.976,0.024,0.0089,0.05,1685,15
E2-C,Model_B_TxProv,0.2408,0.976,0.024,0.0089,0.05,1685,15
E2-C,Model_B_TxProv,0.2488,0.976,0.024,0.0089,0.05,1685,15
E2-C,Model_B_TxProv,0.2567,0.9775,0.0225,0.0095,0.0533,1688,16
E2-C,Model_B_TxProv,0.2647,0.9775,0.0225,0.0095,0.0533,1688,16
E2-C,Model_B_TxProv,0.2727,0.979,0.021,0.0095,0.0533,1691,16
E2-C,Model_B_TxProv,0.2806,0.98,0.02,0.0095,0.0533,1693,16
E2-C,Model_B_TxProv,0.2886,0.981,0.019,0.0106,0.06,1695,18
E2-C,Model_B_TxProv,0.2965,0.981,0.019,0.0106,0.06,1695,18
E2-C,Model_B_TxProv,0.3045,0.9815,0.0185,0.0106,0.06,1696,18
E2-C,Model_B_TxProv,0.3124,0.9815,0.0185,0.0106,0.06,1696,18
E2-C,Model_B_TxProv,0.3204,0.9815,0.0185,0.0106,0.06,1696,18
E2-C,Model_B_TxProv,0.3284,0.9825,0.0175,0.0106,0.06,1698,18
E2-C,Model_B_TxProv,0.3363,0.983,0.017,0.0106,0.06,1699,18
E2-C,Model_B_TxProv,0.3443,0.983,0.017,0.0106,0.06,1699,18
E2-C,Model_B_TxProv,0.3522,0.983,0.017,0.0106,0.06,1699,18
E2-C,Model_B_TxProv,0.3602,0.983,0.017,0.0106,0.06,1699,18
E2-C,Model_B_TxProv,0.3682,0.983,0.017,0.0106,0.06,1699,18
E2-C,Model_B_TxProv,0.3761,0.9835,0.0165,0.0106,0.06,1700,18
E2-C,Model_B_TxProv,0.3841,0.9835,0.0165,0.0106,0.06,1700,18
E2-C,Model_B_TxProv,0.392,0.984,0.016,0.0112,0.0633,1701,19
E2-C,Model_B_TxProv,0.4,0.984,0.016,0.0112,0.0633,1701,19
E2-D,Model_A_TxOnly,0.01,0.918,0.082,0.0132,0.012,454,6
E2-D,Model_A_TxOnly,0.018,0.937,0.063,0.0148,0.014,473,7
E2-D,Model_A_TxOnly,0.0259,0.947,0.053,0.0145,0.014,483,7
E2-D,Model_A_TxOnly,0.0339,0.949,0.051,0.0144,0.014,485,7
E2-D,Model_A_TxOnly,0.0418,0.951,0.049,0.0144,0.014,487,7
E2-D,Model_A_TxOnly,0.0498,0.952,0.048,0.0143,0.014,488,7
E2-D,Model_A_TxOnly,0.0578,0.953,0.047,0.0164,0.016,489,8
E2-D,Model_A_TxOnly,0.0657,0.955,0.045,0.0163,0.016,491,8
E2-D,Model_A_TxOnly,0.0737,0.955,0.045,0.0163,0.016,491,8
E2-D,Model_A_TxOnly,0.0816,0.957,0.043,0.0162,0.016,493,8
E2-D,Model_A_TxOnly,0.0896,0.957,0.043,0.0162,0.016,493,8
E2-D,Model_A_TxOnly,0.0976,0.959,0.041,0.0182,0.018,495,9
E2-D,Model_A_TxOnly,0.1055,0.959,0.041,0.0182,0.018,495,9
E2-D,Model_A_TxOnly,0.1135,0.961,0.039,0.0181,0.018,497,9
E2-D,Model_A_TxOnly,0.1214,0.963,0.037,0.02,0.02,499,10
E2-D,Model_A_TxOnly,0.1294,0.963,0.037,0.02,0.02,499,10
E2-D,Model_A_TxOnly,0.1373,0.964,0.036,0.022,0.022,500,11
E2-D,Model_A_TxOnly,0.1453,0.965,0.035,0.022,0.022,501,11
E2-D,Model_A_TxOnly,0.1533,0.966,0.034,0.0219,0.022,502,11
E2-D,Model_A_TxOnly,0.1612,0.966,0.034,0.0219,0.022,502,11
E2-D,Model_A_TxOnly,0.1692,0.968,0.032,0.0238,0.024,504,12
E2-D,Model_A_TxOnly,0.1771,0.968,0.032,0.0238,0.024,504,12
E2-D,Model_A_TxOnly,0.1851,0.968,0.032,0.0238,0.024,504,12
E2-D,Model_A_TxOnly,0.1931,0.97,0.03,0.0257,0.026,506,13
E2-D,Model_A_TxOnly,0.201,0.97,0.03,0.0257,0.026,506,13
E2-D,Model_A_TxOnly,0.209,0.97,0.03,0.0257,0.026,506,13
E2-D,Model_A_TxOnly,0.2169,0.97,0.03,0.0257,0.026,506,13
E2-D,Model_A_TxOnly,0.2249,0.971,0.029,0.0276,0.028,507,14
E2-D,Model_A_TxOnly,0.2329,0.971,0.029,0.0276,0.028,507,14
E2-D,Model_A_TxOnly,0.2408,0.973,0.027,0.0295,0.03,509,15
E2-D,Model_A_TxOnly,0.2488,0.973,0.027,0.0295,0.03,509,15
E2-D,Model_A_TxOnly,0.2567,0.973,0.027,0.0295,0.03,509,15
E2-D,Model_A_TxOnly,0.2647,0.973,0.027,0.0295,0.03,509,15
E2-D,Model_A_TxOnly,0.2727,0.973,0.027,0.0295,0.03,509,15
E2-D,Model_A_TxOnly,0.2806,0.973,0.027,0.0295,0.03,509,15
E2-D,Model_A_TxOnly,0.2886,0.973,0.027,0.0295,0.03,509,15
E2-D,Model_A_TxOnly,0.2965,0.973,0.027,0.0295,0.03,509,15
E2-D,Model_A_TxOnly,0.3045,0.973,0.027,0.0295,0.03,509,15
E2-D,Model_A_TxOnly,0.3124,0.973,0.027,0.0295,0.03,509,15
E2-D,Model_A_TxOnly,0.3204,0.973,0.027,0.0295,0.03,509,15
E2-D,Model_A_TxOnly,0.3284,0.973,0.027,0.0295,0.03,509,15
E2-D,Model_A_TxOnly,0.3363,0.973,0.027,0.0295,0.03,509,15
E2-D,Model_A_TxOnly,0.3443,0.974,0.026,0.0314,0.032,510,16
E2-D,Model_A_TxOnly,0.3522,0.974,0.026,0.0314,0.032,510,16
E2-D,Model_A_TxOnly,0.3602,0.975,0.025,0.0333,0.034,511,17
E2-D,Model_A_TxOnly,0.3682,0.975,0.025,0.0333,0.034,511,17
E2-D,Model_A_TxOnly,0.3761,0.977,0.023,0.0351,0.036,513,18
E2-D,Model_A_TxOnly,0.3841,0.977,0.023,0.0351,0.036,513,18
E2-D,Model_A_TxOnly,0.392,0.977,0.023,0.0351,0.036,513,18
E2-D,Model_A_TxOnly,0.4,0.977,0.023,0.0351,0.036,513,18
E2-D,Model_B_TxProv,0.01,0.915,0.085,0.0133,0.012,452,6
E2-D,Model_B_TxProv,0.018,0.936,0.064,0.0148,0.014,473,7
E2-D,Model_B_TxProv,0.0259,0.943,0.057,0.0146,0.014,480,7
E2-D,Model_B_TxProv,0.0339,0.948,0.052,0.0144,0.014,485,7
E2-D,Model_B_TxProv,0.0418,0.95,0.05,0.0144,0.014,487,7
E2-D,Model_B_TxProv,0.0498,0.951,0.049,0.0143,0.014,488,7
E2-D,Model_B_TxProv,0.0578,0.951,0.049,0.0143,0.014,488,7
E2-D,Model_B_TxProv,0.0657,0.952,0.048,0.0143,0.014,489,7
E2-D,Model_B_TxProv,0.0737,0.953,0.047,0.0163,0.016,490,8
E2-D,Model_B_TxProv,0.0816,0.955,0.045,0.0183,0.018,492,9
E2-D,Model_B_TxProv,0.0896,0.957,0.043,0.0182,0.018,494,9
E2-D,Model_B_TxProv,0.0976,0.959,0.041,0.0181,0.018,496,9
E2-D,Model_B_TxProv,0.1055,0.96,0.04,0.0201,0.02,497,10
E2-D,Model_B_TxProv,0.1135,0.96,0.04,0.0201,0.02,497,10
E2-D,Model_B_TxProv,0.1214,0.96,0.04,0.0201,0.02,497,10
E2-D,Model_B_TxProv,0.1294,0.961,0.039,0.0201,0.02,498,10
E2-D,Model_B_TxProv,0.1373,0.963,0.037,0.022,0.022,500,11
E2-D,Model_B_TxProv,0.1453,0.963,0.037,0.022,0.022,500,11
E2-D,Model_B_TxProv,0.1533,0.963,0.037,0.022,0.022,500,11
E2-D,Model_B_TxProv,0.1612,0.964,0.036,0.022,0.022,501,11
E2-D,Model_B_TxProv,0.1692,0.965,0.035,0.0239,0.024,502,12
E2-D,Model_B_TxProv,0.1771,0.965,0.035,0.0239,0.024,502,12
E2-D,Model_B_TxProv,0.1851,0.965,0.035,0.0239,0.024,502,12
E2-D,Model_B_TxProv,0.1931,0.965,0.035,0.0239,0.024,502,12
E2-D,Model_B_TxProv,0.201,0.965,0.035,0.0239,0.024,502,12
E2-D,Model_B_TxProv,0.209,0.965,0.035,0.0239,0.024,502,12
E2-D,Model_B_TxProv,0.2169,0.965,0.035,0.0239,0.024,502,12
E2-D,Model_B_TxProv,0.2249,0.965,0.035,0.0239,0.024,502,12
E2-D,Model_B_TxProv,0.2329,0.965,0.035,0.0239,0.024,502,12
E2-D,Model_B_TxProv,0.2408,0.966,0.034,0.0258,0.026,503,13
E2-D,Model_B_TxProv,0.2488,0.966,0.034,0.0258,0.026,503,13
E2-D,Model_B_TxProv,0.2567,0.968,0.032,0.0257,0.026,505,13
E2-D,Model_B_TxProv,0.2647,0.968,0.032,0.0257,0.026,505,13
E2-D,Model_B_TxProv,0.2727,0.97,0.03,0.0276,0.028,507,14
E2-D,Model_B_TxProv,0.2806,0.97,0.03,0.0276,0.028,507,14
E2-D,Model_B_TxProv,0.2886,0.971,0.029,0.0276,0.028,508,14
E2-D,Model_B_TxProv,0.2965,0.971,0.029,0.0276,0.028,508,14
E2-D,Model_B_TxProv,0.3045,0.972,0.028,0.0295,0.03,509,15
E2-D,Model_B_TxProv,0.3124,0.972,0.028,0.0295,0.03,509,15
E2-D,Model_B_TxProv,0.3204,0.972,0.028,0.0295,0.03,509,15
E2-D,Model_B_TxProv,0.3284,0.972,0.028,0.0295,0.03,509,15
E2-D,Model_B_TxProv,0.3363,0.972,0.028,0.0295,0.03,509,15
E2-D,Model_B_TxProv,0.3443,0.972,0.028,0.0295,0.03,509,15
E2-D,Model_B_TxProv,0.3522,0.972,0.028,0.0295,0.03,509,15
E2-D,Model_B_TxProv,0.3602,0.972,0.028,0.0295,0.03,509,15
E2-D,Model_B_TxProv,0.3682,0.972,0.028,0.0295,0.03,509,15
E2-D,Model_B_TxProv,0.3761,0.972,0.028,0.0295,0.03,509,15
E2-D,Model_B_TxProv,0.3841,0.972,0.028,0.0295,0.03,509,15
E2-D,Model_B_TxProv,0.392,0.972,0.028,0.0295,0.03,509,15
E2-D,Model_B_TxProv,0.4,0.973,0.027,0.0314,0.032,510,16
