stream,batch_id,fraud_count,legit_count,true_drift_active,martingale_evidence,martingale_log_evidence,martingale_alarm,sys_a_tau_accept,sys_a_for,sys_a_selective_fnr,sys_a_observed_fnr,sys_a_coverage,sys_a_abstention,sys_b_version,sys_b_tau_accept,sys_b_for,sys_b_selective_fnr,sys_b_observed_fnr,sys_b_coverage,sys_b_abstention,sys_c_version,sys_c_is_stale,sys_c_tau_accept,sys_c_for,sys_c_selective_fnr,sys_c_observed_fnr,sys_c_coverage,sys_c_abstention
E1_no_drift,1,5,95,False,0.0829,-2.49,False,0.3757,0.0105,0.3333,0.2,0.98,0.02,v0,0.3757,0.0105,0.3333,0.2,0.98,0.02,v0,False,0.3757,0.0105,0.3333,0.2,0.98,0.02
E1_no_drift,2,5,95,False,0.0007,-7.2786,False,0.3757,0.0208,0.5,0.4,0.98,0.02,v0,0.3757,0.0208,0.5,0.4,0.98,0.02,v0,False,0.3757,0.0208,0.5,0.4,0.98,0.02
E1_no_drift,3,5,95,False,0.0,-10.3239,False,0.3757,0.0,0.0,0.0,0.96,0.04,v0,0.3757,0.0,0.0,0.0,0.96,0.04,v0,False,0.3757,0.0,0.0,0.0,0.96,0.04
E1_no_drift,4,5,95,False,0.0,-12.9042,False,0.3757,0.0108,0.2,0.2,0.97,0.03,v0,0.3757,0.0108,0.2,0.2,0.97,0.03,v0,False,0.3757,0.0108,0.2,0.2,0.97,0.03
E1_no_drift,5,5,95,False,0.0,-11.8922,False,0.3757,0.0227,0.6667,0.4,0.9,0.1,v0,0.3757,0.0227,0.6667,0.4,0.9,0.1,v0,False,0.3757,0.0227,0.6667,0.4,0.9,0.1
E1_no_drift,6,5,95,False,0.0,-12.9378,False,0.3757,0.0109,0.25,0.2,0.96,0.04,v0,0.3757,0.0109,0.25,0.2,0.96,0.04,v0,False,0.3757,0.0109,0.25,0.2,0.96,0.04
E1_no_drift,7,5,95,False,0.0,-14.1091,False,0.3757,0.011,0.2,0.2,0.95,0.05,v0,0.3757,0.011,0.2,0.2,0.95,0.05,v0,False,0.3757,0.011,0.2,0.2,0.95,0.05
E1_no_drift,8,5,95,False,0.0,-15.5735,False,0.3757,0.0,0.0,0.0,0.97,0.03,v0,0.3757,0.0,0.0,0.0,0.97,0.03,v0,False,0.3757,0.0,0.0,0.0,0.97,0.03
E1_no_drift,9,5,95,False,0.0,-17.2326,False,0.3757,0.0112,0.25,0.2,0.92,0.08,v0,0.3757,0.0112,0.25,0.2,0.92,0.08,v0,False,0.3757,0.0112,0.25,0.2,0.92,0.08
E1_no_drift,10,5,95,False,0.0,-19.4174,False,0.3757,0.0109,0.25,0.2,0.96,0.04,v0,0.3757,0.0109,0.25,0.2,0.96,0.04,v0,False,0.3757,0.0109,0.25,0.2,0.96,0.04
E1_no_drift,11,5,95,False,0.0,-19.9529,False,0.3757,0.0,0.0,0.0,0.98,0.02,v0,0.3757,0.0,0.0,0.0,0.98,0.02,v0,False,0.3757,0.0,0.0,0.0,0.98,0.02
E1_no_drift,12,5,95,False,0.0,-21.427,False,0.3757,0.0,0.0,0.0,0.99,0.01,v0,0.3757,0.0,0.0,0.0,0.99,0.01,v0,False,0.3757,0.0,0.0,0.0,0.99,0.01
E1_no_drift,13,5,95,False,0.0,-22.1691,False,0.3757,0.0,0.0,0.0,0.97,0.03,v0,0.3757,0.0,0.0,0.0,0.97,0.03,v0,False,0.3757,0.0,0.0,0.0,0.97,0.03
E1_no_drift,14,5,95,False,0.0,-27.1439,False,0.3757,0.0,0.0,0.0,0.95,0.05,v0,0.3757,0.0,0.0,0.0,0.95,0.05,v0,False,0.3757,0.0,0.0,0.0,0.95,0.05
E1_no_drift,15,5,95,False,0.0,-31.5332,False,0.3757,0.0106,0.2,0.2,0.98,0.02,v0,0.3757,0.0106,0.2,0.2,0.98,0.02,v0,False,0.3757,0.0106,0.2,0.2,0.98,0.02
E1_no_drift,16,5,95,False,0.0,-32.1927,False,0.3757,0.0222,0.4,0.4,0.97,0.03,v0,0.3757,0.0222,0.4,0.4,0.97,0.03,v0,False,0.3757,0.0222,0.4,0.4,0.97,0.03
E1_no_drift,17,5,95,False,0.0,-34.971,False,0.3757,0.0,0.0,0.0,0.98,0.02,v0,0.3757,0.0,0.0,0.0,0.98,0.02,v0,False,0.3757,0.0,0.0,0.0,0.98,0.02
E1_no_drift,18,5,95,False,0.0,-38.4781,False,0.3757,0.0,0.0,0.0,0.96,0.04,v0,0.3757,0.0,0.0,0.0,0.96,0.04,v0,False,0.3757,0.0,0.0,0.0,0.96,0.04
E1_no_drift,19,5,95,False,0.0,-41.1103,False,0.3757,0.0108,0.2,0.2,0.98,0.02,v0,0.3757,0.0108,0.2,0.2,0.98,0.02,v0,False,0.3757,0.0108,0.2,0.2,0.98,0.02
E1_no_drift,20,5,95,False,0.0,-43.3012,False,0.3757,0.0,0.0,0.0,0.92,0.08,v0,0.3757,0.0,0.0,0.0,0.92,0.08,v0,False,0.3757,0.0,0.0,0.0,0.92,0.08
E2_abrupt_drift,1,5,95,False,0.0485,-3.027,False,0.3757,0.0108,0.2,0.2,0.98,0.02,v0,0.3757,0.0108,0.2,0.2,0.98,0.02,v0,False,0.3757,0.0108,0.2,0.2,0.98,0.02
E2_abrupt_drift,2,5,95,False,0.0008,-7.1459,False,0.3757,0.0106,0.3333,0.2,0.96,0.04,v0,0.3757,0.0106,0.3333,0.2,0.96,0.04,v0,False,0.3757,0.0106,0.3333,0.2,0.96,0.04
E2_abrupt_drift,3,5,95,False,0.0032,-5.7442,False,0.3757,0.0109,0.2,0.2,0.97,0.03,v0,0.3757,0.0109,0.2,0.2,0.97,0.03,v0,False,0.3757,0.0109,0.2,0.2,0.97,0.03
E2_abrupt_drift,4,5,95,False,0.0035,-5.6425,False,0.3757,0.0111,0.2,0.2,0.94,0.06,v0,0.3757,0.0111,0.2,0.2,0.94,0.06,v0,False,0.3757,0.0111,0.2,0.2,0.94,0.06
E2_abrupt_drift,5,5,95,False,0.0001,-8.8303,False,0.3757,0.011,0.2,0.2,0.96,0.04,v0,0.3757,0.011,0.2,0.2,0.96,0.04,v0,False,0.3757,0.011,0.2,0.2,0.96,0.04
E2_abrupt_drift,6,5,95,False,0.0,-10.516,False,0.3757,0.0,0.0,0.0,0.97,0.03,v0,0.3757,0.0,0.0,0.0,0.97,0.03,v0,False,0.3757,0.0,0.0,0.0,0.97,0.03
E2_abrupt_drift,7,5,95,False,0.0,-11.9475,False,0.3757,0.0104,0.2,0.2,1.0,0.0,v0,0.3757,0.0104,0.2,0.2,1.0,0.0,v0,False,0.3757,0.0104,0.2,0.2,1.0,0.0
E2_abrupt_drift,8,5,95,False,0.0001,-9.5199,False,0.3757,0.0,0.0,0.0,0.97,0.03,v0,0.3757,0.0,0.0,0.0,0.97,0.03,v0,False,0.3757,0.0,0.0,0.0,0.97,0.03
E2_abrupt_drift,9,5,95,False,0.0,-12.1324,False,0.3757,0.0111,0.25,0.2,0.93,0.07,v0,0.3757,0.0111,0.25,0.2,0.93,0.07,v0,False,0.3757,0.0111,0.25,0.2,0.93,0.07
E2_abrupt_drift,10,5,95,False,0.0,-12.8938,False,0.3757,0.0217,0.4,0.4,0.96,0.04,v0,0.3757,0.0217,0.4,0.4,0.96,0.04,v0,False,0.3757,0.0217,0.4,0.4,0.96,0.04
E2_abrupt_drift,11,25,75,True,0.082,-2.5011,False,0.3757,0.0,0.0,0.0,0.94,0.06,v1,0.2855,0.0,0.0,0.0,0.92,0.08,v0,False,0.3757,0.0,0.0,0.0,0.94,0.06
E2_abrupt_drift,12,25,75,True,97.1632,4.5764,False,0.3757,0.0658,0.2778,0.2,0.89,0.11,v1,0.2855,0.0541,0.2353,0.16,0.87,0.13,v0,False,0.3757,0.0658,0.2778,0.2,0.89,0.11
E2_abrupt_drift,13,25,75,True,1046135.5513,13.8606,True,0.3757,0.0519,0.1818,0.16,0.95,0.05,v1,0.2855,0.04,0.1429,0.12,0.93,0.07,v1,False,0.114,0.0299,0.1,0.08,0.85,0.15
E2_abrupt_drift,14,25,75,True,3743.8804,8.2279,True,0.3757,0.039,0.1429,0.12,0.95,0.05,v1,0.2855,0.0395,0.1429,0.12,0.94,0.06,v2,False,0.2996,0.0395,0.1429,0.12,0.94,0.06
E2_abrupt_drift,15,25,75,True,1133.914,7.0334,True,0.3757,0.0633,0.2381,0.2,0.95,0.05,v1,0.2855,0.0395,0.1579,0.12,0.92,0.08,v3,False,0.1706,0.0411,0.1579,0.12,0.89,0.11
E2_abrupt_drift,16,25,75,True,1395.2252,7.2408,True,0.3757,0.0641,0.25,0.2,0.93,0.07,v1,0.2855,0.0519,0.2105,0.16,0.92,0.08,v4,False,0.0895,0.0282,0.1176,0.08,0.86,0.14
E2_abrupt_drift,17,25,75,True,5435.27,8.6007,True,0.3757,0.027,0.087,0.08,0.95,0.05,v1,0.2855,0.027,0.087,0.08,0.95,0.05,v5,False,0.1047,0.0,0.0,0.0,0.89,0.11
E2_abrupt_drift,18,25,75,True,334.5338,5.8127,True,0.3757,0.0533,0.1905,0.16,0.92,0.08,v1,0.2855,0.0405,0.15,0.12,0.91,0.09,v6,False,0.0897,0.0282,0.1053,0.08,0.88,0.12
E2_abrupt_drift,19,25,75,True,4909.6735,8.499,True,0.3757,0.0633,0.25,0.2,0.94,0.06,v1,0.2855,0.0533,0.2105,0.16,0.9,0.1,v7,False,0.0723,0.0435,0.1667,0.12,0.84,0.16
E2_abrupt_drift,20,25,75,True,20003.1645,9.9037,True,0.3757,0.0676,0.2941,0.2,0.86,0.14,v1,0.2855,0.0423,0.2,0.12,0.83,0.17,v8,False,0.0805,0.0312,0.1429,0.08,0.76,0.24
E3_gradual_drift,1,5,95,False,0.2874,-1.2468,False,0.3757,0.0,0.0,0.0,0.97,0.03,v0,0.3757,0.0,0.0,0.0,0.97,0.03,v0,False,0.3757,0.0,0.0,0.0,0.97,0.03
E3_gradual_drift,2,5,95,False,0.089,-2.4186,False,0.3757,0.0,0.0,0.0,0.96,0.04,v0,0.3757,0.0,0.0,0.0,0.96,0.04,v0,False,0.3757,0.0,0.0,0.0,0.96,0.04
E3_gradual_drift,3,5,95,False,0.0695,-2.6664,False,0.3757,0.0,0.0,0.0,0.98,0.02,v0,0.3757,0.0,0.0,0.0,0.98,0.02,v0,False,0.3757,0.0,0.0,0.0,0.98,0.02
E3_gradual_drift,4,5,95,False,0.1007,-2.2953,False,0.3757,0.0115,0.25,0.2,0.93,0.07,v0,0.3757,0.0115,0.25,0.2,0.93,0.07,v0,False,0.3757,0.0115,0.25,0.2,0.93,0.07
E3_gradual_drift,5,5,95,False,0.0044,-5.4171,False,0.3757,0.0,0.0,0.0,0.96,0.04,v0,0.3757,0.0,0.0,0.0,0.96,0.04,v0,False,0.3757,0.0,0.0,0.0,0.96,0.04
E3_gradual_drift,6,10,90,False,0.0047,-5.3659,False,0.3757,0.0119,0.125,0.1,0.92,0.08,v0,0.3757,0.0119,0.125,0.1,0.92,0.08,v0,False,0.3757,0.0119,0.125,0.1,0.92,0.08
E3_gradual_drift,7,10,90,False,0.0116,-4.4583,False,0.3757,0.0222,0.25,0.2,0.96,0.04,v0,0.3757,0.0222,0.25,0.2,0.96,0.04,v0,False,0.3757,0.0222,0.25,0.2,0.96,0.04
E3_gradual_drift,8,10,90,False,0.0378,-3.2748,False,0.3757,0.0118,0.1111,0.1,0.94,0.06,v0,0.3757,0.0118,0.1111,0.1,0.94,0.06,v0,False,0.3757,0.0118,0.1111,0.1,0.94,0.06
E3_gradual_drift,9,10,90,False,0.0155,-4.1657,False,0.3757,0.0225,0.25,0.2,0.95,0.05,v0,0.3757,0.0225,0.25,0.2,0.95,0.05,v0,False,0.3757,0.0225,0.25,0.2,0.95,0.05
E3_gradual_drift,10,10,90,False,0.0782,-2.549,False,0.3757,0.0114,0.1111,0.1,0.98,0.02,v0,0.3757,0.0114,0.1111,0.1,0.98,0.02,v0,False,0.3757,0.0114,0.1111,0.1,0.98,0.02
E3_gradual_drift,11,18,82,False,53.483,3.9794,False,0.3757,0.0,0.0,0.0,0.94,0.06,v0,0.3757,0.0,0.0,0.0,0.94,0.06,v0,False,0.3757,0.0,0.0,0.0,0.94,0.06
E3_gradual_drift,12,18,82,False,10837.0154,9.2907,True,0.3757,0.0,0.0,0.0,0.94,0.06,v0,0.3757,0.0,0.0,0.0,0.94,0.06,v1,False,0.1068,0.0,0.0,0.0,0.92,0.08
E3_gradual_drift,13,18,82,False,1264.411,7.1424,True,0.3757,0.013,0.0667,0.0556,0.92,0.08,v0,0.3757,0.013,0.0667,0.0556,0.92,0.08,v2,False,0.1093,0.0,0.0,0.0,0.84,0.16
E3_gradual_drift,14,18,82,False,140.7405,4.9469,True,0.3757,0.0,0.0,0.0,0.96,0.04,v0,0.3757,0.0,0.0,0.0,0.96,0.04,v3,False,0.149,0.0,0.0,0.0,0.9,0.1
E3_gradual_drift,15,18,82,False,4.5295,1.5106,False,0.3757,0.0682,0.3529,0.3333,0.99,0.01,v0,0.3757,0.0682,0.3529,0.3333,0.99,0.01,v3,False,0.149,0.0123,0.0833,0.0556,0.92,0.08
E3_gradual_drift,16,25,75,False,29855.3693,10.3041,True,0.3757,0.0886,0.3182,0.28,0.94,0.06,v0,0.3757,0.0886,0.3182,0.28,0.94,0.06,v4,False,0.3654,0.0886,0.3182,0.28,0.94,0.06
E3_gradual_drift,17,25,75,False,862.0494,6.7593,True,0.3757,0.0741,0.2609,0.24,0.98,0.02,v0,0.3757,0.0741,0.2609,0.24,0.98,0.02,v5,False,0.4,0.0741,0.2609,0.24,0.98,0.02
E3_gradual_drift,18,25,75,False,3562.0084,8.1781,True,0.3757,0.0649,0.2632,0.2,0.91,0.09,v0,0.3757,0.0649,0.2632,0.2,0.91,0.09,v6,False,0.3252,0.0541,0.2222,0.16,0.88,0.12
E3_gradual_drift,19,25,75,False,13595.6638,9.5175,True,0.3757,0.0526,0.2222,0.16,0.92,0.08,v0,0.3757,0.0526,0.2222,0.16,0.92,0.08,v7,False,0.1521,0.0286,0.125,0.08,0.86,0.14
E3_gradual_drift,20,25,75,False,8817.3333,9.0845,True,0.3757,0.0649,0.2778,0.2,0.9,0.1,v0,0.3757,0.0649,0.2778,0.2,0.9,0.1,v8,False,0.1404,0.029,0.1333,0.08,0.82,0.18
E4_adversarial_gen2_drift,1,5,95,False,0.2165,-1.5303,False,0.3757,0.0,0.0,0.0,0.98,0.02,v0,0.3757,0.0,0.0,0.0,0.98,0.02,v0,False,0.3757,0.0,0.0,0.0,0.98,0.02
E4_adversarial_gen2_drift,2,5,95,False,0.0354,-3.3403,False,0.3757,0.022,0.4,0.4,0.95,0.05,v0,0.3757,0.022,0.4,0.4,0.95,0.05,v0,False,0.3757,0.022,0.4,0.4,0.95,0.05
E4_adversarial_gen2_drift,3,5,95,False,0.0139,-4.2736,False,0.3757,0.0,0.0,0.0,1.0,0.0,v0,0.3757,0.0,0.0,0.0,1.0,0.0,v0,False,0.3757,0.0,0.0,0.0,1.0,0.0
E4_adversarial_gen2_drift,4,5,95,False,0.0018,-6.3412,False,0.3757,0.0,0.0,0.0,0.98,0.02,v0,0.3757,0.0,0.0,0.0,0.98,0.02,v0,False,0.3757,0.0,0.0,0.0,0.98,0.02
E4_adversarial_gen2_drift,5,5,95,False,0.0007,-7.2939,False,0.3757,0.0,0.0,0.0,0.97,0.03,v0,0.3757,0.0,0.0,0.0,0.97,0.03,v0,False,0.3757,0.0,0.0,0.0,0.97,0.03
E4_adversarial_gen2_drift,6,5,95,False,0.0001,-9.0278,False,0.3757,0.0105,0.2,0.2,0.99,0.01,v0,0.3757,0.0105,0.2,0.2,0.99,0.01,v0,False,0.3757,0.0105,0.2,0.2,0.99,0.01
E4_adversarial_gen2_drift,7,5,95,False,0.0,-10.654,False,0.3757,0.011,0.2,0.2,0.96,0.04,v0,0.3757,0.011,0.2,0.2,0.96,0.04,v0,False,0.3757,0.011,0.2,0.2,0.96,0.04
E4_adversarial_gen2_drift,8,5,95,False,0.0,-13.0047,False,0.3757,0.0213,0.4,0.4,0.98,0.02,v0,0.3757,0.0213,0.4,0.4,0.98,0.02,v0,False,0.3757,0.0213,0.4,0.4,0.98,0.02
E4_adversarial_gen2_drift,9,5,95,False,0.0,-17.1152,False,0.3757,0.0316,1.0,0.6,0.95,0.05,v0,0.3757,0.0316,1.0,0.6,0.95,0.05,v0,False,0.3757,0.0316,1.0,0.6,0.95,0.05
E4_adversarial_gen2_drift,10,5,95,False,0.0,-17.9728,False,0.3757,0.0108,0.25,0.2,0.96,0.04,v0,0.3757,0.0108,0.25,0.2,0.96,0.04,v0,False,0.3757,0.0108,0.25,0.2,0.96,0.04
E4_adversarial_gen2_drift,11,20,80,True,0.0,-12.5485,False,0.3757,0.05,0.2222,0.2,0.95,0.05,v1,0.1939,0.0267,0.125,0.1,0.9,0.1,v0,False,0.3757,0.05,0.2222,0.2,0.95,0.05
E4_adversarial_gen2_drift,12,20,80,True,0.0011,-6.8226,False,0.3757,0.0375,0.2308,0.15,0.9,0.1,v1,0.1939,0.0133,0.0909,0.05,0.85,0.15,v0,False,0.3757,0.0375,0.2308,0.15,0.9,0.1
E4_adversarial_gen2_drift,13,20,80,True,0.559,-0.5817,False,0.3757,0.0263,0.125,0.1,0.9,0.1,v1,0.1939,0.027,0.125,0.1,0.88,0.12,v0,False,0.3757,0.0263,0.125,0.1,0.9,0.1
E4_adversarial_gen2_drift,14,20,80,True,114.7431,4.7427,True,0.3757,0.013,0.0714,0.05,0.9,0.1,v1,0.1939,0.0133,0.0714,0.05,0.88,0.12,v1,False,0.0985,0.0,0.0,0.0,0.82,0.18
E4_adversarial_gen2_drift,15,20,80,True,56.6096,4.0362,False,0.3757,0.061,0.3571,0.25,0.91,0.09,v1,0.1939,0.0375,0.25,0.15,0.89,0.11,v1,False,0.0985,0.0132,0.1,0.05,0.85,0.15
E4_adversarial_gen2_drift,16,20,80,True,32610.6113,10.3924,True,0.3757,0.025,0.125,0.1,0.95,0.05,v1,0.1939,0.0,0.0,0.0,0.89,0.11,v2,False,0.1378,0.0,0.0,0.0,0.87,0.13
E4_adversarial_gen2_drift,17,20,80,True,287.0402,5.6596,True,0.3757,0.0128,0.0625,0.05,0.93,0.07,v1,0.1939,0.013,0.0625,0.05,0.92,0.08,v3,False,0.1423,0.0,0.0,0.0,0.9,0.1
E4_adversarial_gen2_drift,18,20,80,True,1426.1258,7.2627,True,0.3757,0.0253,0.125,0.1,0.93,0.07,v1,0.1939,0.026,0.125,0.1,0.91,0.09,v4,False,0.1183,0.0135,0.0667,0.05,0.88,0.12
E4_adversarial_gen2_drift,19,20,80,True,352.9061,5.8662,True,0.3757,0.0494,0.25,0.2,0.93,0.07,v1,0.1939,0.0267,0.1429,0.1,0.87,0.13,v5,False,0.1511,0.0282,0.1429,0.1,0.83,0.17
E4_adversarial_gen2_drift,20,20,80,True,90.031,4.5001,False,0.3757,0.0482,0.2222,0.2,0.97,0.03,v1,0.1939,0.0127,0.0667,0.05,0.93,0.07,v5,False,0.1511,0.013,0.0667,0.05,0.91,0.09
